"","country","time","cpi"
"1","AT","1973-Q2",3.40003128223172
"2","AT","1973-Q3",3.41364690201095
"3","AT","1973-Q4",3.44103921581726
"4","AT","1974-Q1",3.46998659981976
"5","AT","1974-Q2",3.49411665896131
"6","AT","1974-Q3",3.50915464839079
"7","AT","1974-Q4",3.53344028554085
"8","AT","1975-Q1",3.5594486912364
"9","AT","1975-Q2",3.57580346396312
"10","AT","1975-Q3",3.59371200359951
"11","AT","1975-Q4",3.60254737315732
"12","AT","1976-Q1",3.63131785231129
"13","AT","1976-Q2",3.64864929523371
"14","AT","1976-Q3",3.66211296405719
"15","AT","1976-Q4",3.67204662330817
"16","AT","1977-Q1",3.69290180690967
"17","AT","1977-Q2",3.7039817463033
"18","AT","1977-Q3",3.71494026474815
"19","AT","1977-Q4",3.7165470212453
"20","AT","1978-Q1",3.73089246982995
"21","AT","1978-Q2",3.73964602971481
"22","AT","1978-Q3",3.74763210908062
"23","AT","1978-Q4",3.75073984406467
"24","AT","1979-Q1",3.76596553768254
"25","AT","1979-Q2",3.77138369010487
"26","AT","1979-Q3",3.7833016810865
"27","AT","1979-Q4",3.79375910917047
"28","AT","1980-Q1",3.8175813495451
"29","AT","1980-Q2",3.83389392250991
"30","AT","1980-Q3",3.8505688714307
"31","AT","1980-Q4",3.85756458012573
"32","AT","1981-Q1",3.88491749650466
"33","AT","1981-Q2",3.89973031679839
"34","AT","1981-Q3",3.91432699000607
"35","AT","1981-Q4",3.92394101653029
"36","AT","1982-Q1",3.94332288125765
"37","AT","1982-Q2",3.95744143248107
"38","AT","1982-Q3",3.96470501219034
"39","AT","1982-Q4",3.96942589750016
"40","AT","1983-Q1",3.98167917654844
"41","AT","1983-Q2",3.9834564940693
"42","AT","1983-Q3",3.99527010813708
"43","AT","1983-Q4",4.00587772184195
"44","AT","1984-Q1",4.03717133080231
"45","AT","1984-Q2",4.04220724524929
"46","AT","1984-Q3",4.05079974962702
"47","AT","1984-Q4",4.0565297222627
"48","AT","1985-Q1",4.0711505775189
"49","AT","1985-Q2",4.07763610046166
"50","AT","1985-Q3",4.08036719105448
"51","AT","1985-Q4",4.08321464460696
"52","AT","1986-Q1",4.0948905880752
"53","AT","1986-Q2",4.09232129962883
"54","AT","1986-Q3",4.09647781572347
"55","AT","1986-Q4",4.09635576820781
"56","AT","1987-Q1",4.097818804728
"57","AT","1987-Q2",4.10582761899777
"58","AT","1987-Q3",4.11891536993724
"59","AT","1987-Q4",4.11305309853181
"60","AT","1988-Q1",4.11891542993336
"61","AT","1988-Q2",4.1230818081358
"62","AT","1988-Q3",4.13793880884472
"63","AT","1988-Q4",4.13159853169266
"64","AT","1989-Q1",4.14144387264054
"65","AT","1989-Q2",4.14876482860164
"66","AT","1989-Q3",4.16359012886524
"67","AT","1989-Q4",4.15913118877782
"68","AT","1990-Q1",4.1715437812197
"69","AT","1990-Q2",4.17864848625306
"70","AT","1990-Q3",4.19591620770658
"71","AT","1990-Q4",4.19514271165693
"72","AT","1991-Q1",4.20493221685986
"73","AT","1991-Q2",4.21278222924368
"74","AT","1991-Q3",4.23022264064368
"75","AT","1991-Q4",4.22465758603745
"76","AT","1992-Q1",4.24442228449035
"77","AT","1992-Q2",4.25270021403984
"78","AT","1992-Q3",4.26853994025866
"79","AT","1992-Q4",4.26462924335596
"80","AT","1993-Q1",4.28251332922203
"81","AT","1993-Q2",4.28907530518835
"82","AT","1993-Q3",4.30246883786323
"83","AT","1993-Q4",4.29898784479355
"84","AT","1994-Q1",4.31293808882427
"85","AT","1994-Q2",4.31803406564345
"86","AT","1994-Q3",4.33230135086599
"87","AT","1994-Q4",4.32621170807859
"88","AT","1995-Q1",4.33729989420242
"89","AT","1995-Q2",4.34303670377281
"90","AT","1995-Q3",4.35309172960355
"91","AT","1995-Q4",4.34484642395037
"92","AT","1996-Q1",4.35412946059975
"93","AT","1996-Q2",4.35883264997068
"94","AT","1996-Q3",4.37207053049214
"95","AT","1996-Q4",4.3669638551224
"96","AT","1997-Q1",4.37299616240369
"97","AT","1997-Q2",4.37558349426553
"98","AT","1997-Q3",4.37586027198986
"99","AT","1997-Q4",4.37954384870022
"100","AU","1973-Q2",2.50788040148347
"101","AU","1973-Q3",2.54121682175106
"102","AU","1973-Q4",2.57347768396928
"103","AU","1974-Q1",2.60473022747338
"104","AU","1974-Q2",2.64247055545623
"105","AU","1974-Q3",2.69302283461906
"106","AU","1974-Q4",2.72762836379653
"107","AU","1975-Q1",2.76763369841024
"108","AU","1975-Q2",2.79979081004476
"109","AU","1975-Q3",2.80609997923803
"110","AU","1975-Q4",2.86115975642106
"111","AU","1976-Q1",2.89048737151558
"112","AU","1976-Q2",2.91334550959163
"113","AU","1976-Q3",2.93569280828363
"114","AU","1976-Q4",2.99469114904558
"115","AU","1977-Q1",3.01531043624832
"116","AU","1977-Q2",3.04050068507687
"117","AU","1977-Q3",3.06020575615621
"118","AU","1977-Q4",3.08430330773527
"119","AU","1978-Q1",3.09848794272722
"120","AU","1978-Q2",3.11709313055826
"121","AU","1978-Q3",3.13535847853555
"122","AU","1978-Q4",3.15773077629009
"123","AU","1979-Q1",3.17527508594099
"124","AU","1979-Q2",3.20102758204341
"125","AU","1979-Q3",3.22613350317449
"126","AU","1979-Q4",3.25464867348251
"127","AU","1980-Q1",3.27453004403634
"128","AU","1980-Q2",3.3055402807789
"129","AU","1980-Q3",3.3206920857995
"130","AU","1980-Q4",3.3429978433138
"131","AU","1981-Q1",3.36481689070844
"132","AU","1981-Q2",3.38617001517901
"133","AU","1981-Q3",3.40707669999832
"134","AU","1981-Q4",3.44762279439267
"135","AU","1982-Q1",3.46729555999137
"136","AU","1982-Q2",3.48976841584343
"137","AU","1982-Q3",3.52409315838451
"138","AU","1982-Q4",3.554306936981
"139","AU","1983-Q1",3.57492622418374
"140","AU","1983-Q2",3.59512893150126
"141","AU","1983-Q3",3.61212650786983
"142","AU","1983-Q4",3.63709313060029
"143","AU","1984-Q1",3.63159861128265
"144","AU","1984-Q2",3.63434964465454
"145","AU","1984-Q3",3.64799242105833
"146","AU","1984-Q4",3.66145157443233
"147","AU","1985-Q1",3.67473198210023
"148","AU","1985-Q2",3.69820111664107
"149","AU","1985-Q3",3.72113205770499
"150","AU","1985-Q4",3.74108284412434
"151","AU","1986-Q1",3.76306175084311
"152","AU","1986-Q2",3.77982861070018
"153","AU","1986-Q3",3.80562136526191
"154","AU","1986-Q4",3.83302033945002
"155","AU","1987-Q1",3.85308790250083
"156","AU","1987-Q2",3.86842226650094
"157","AU","1987-Q3",3.88566407293545
"158","AU","1987-Q4",3.90261363124922
"159","AU","1988-Q1",3.91928068373443
"160","AU","1988-Q2",3.93770495106049
"161","AU","1988-Q3",3.95579589670953
"162","AU","1988-Q4",3.97552040205731
"163","AU","1989-Q1",3.98523865152623
"164","AU","1989-Q2",4.01007278356397
"165","AU","1989-Q3",4.03246177845745
"166","AU","1989-Q4",4.05074382329489
"167","AU","1990-Q1",4.06869762691149
"168","AU","1990-Q2",4.08458498667381
"169","AU","1990-Q3",4.09156581781515
"170","AU","1990-Q4",4.11731831391756
"171","AU","1991-Q1",4.11562196066939
"172","AU","1991-Q2",4.11731831391756
"173","AU","1991-Q3",4.12239017601553
"174","AU","1991-Q4",4.13245737513325
"175","AU","1992-Q1",4.13245737513325
"176","AU","1992-Q2",4.1291128904104
"177","AU","1992-Q3",4.13078653096843
"178","AU","1992-Q4",4.13579071155301
"179","AU","1993-Q1",4.14407576308711
"180","AU","1993-Q2",4.14737065898397
"181","AU","1993-Q3",4.15229273618939
"182","AU","1993-Q4",4.15392805953013
"183","AU","1994-Q1",4.15881804482432
"184","AU","1994-Q2",4.1653010497024
"185","AU","1994-Q3",4.17174229580525
"186","AU","1994-Q4",4.179735943486
"187","AU","1995-Q1",4.19553406036259
"188","AU","1995-Q2",4.2095420715187
"189","AU","1995-Q3",4.22183101265305
"190","AU","1995-Q4",4.22943561203827
"191","AU","1996-Q1",4.23246133295481
"192","AU","1996-Q2",4.23998582293342
"193","AU","1996-Q3",4.24297983714603
"194","AU","1996-Q4",4.24447348940281
"195","AU","1997-Q1",4.24596491398948
"196","AU","1997-Q2",4.24297983714603
"197","AU","1997-Q3",4.23848544755819
"198","AU","1997-Q4",4.24148395055444
"199","BE","1973-Q2",3.19671783563026
"200","BE","1973-Q3",3.21036660253894
"201","BE","1973-Q4",3.23007875253049
"202","BE","1974-Q1",3.26439810289005
"203","BE","1974-Q2",3.30560463125597
"204","BE","1974-Q3",3.34697730082101
"205","BE","1974-Q4",3.37794092479881
"206","BE","1975-Q1",3.40650112250041
"207","BE","1975-Q2",3.43245694223995
"208","BE","1975-Q3",3.45511179233633
"209","BE","1975-Q4",3.48355002531096
"210","BE","1976-Q1",3.50341098586527
"211","BE","1976-Q2",3.52300398729254
"212","BE","1976-Q3",3.54141148973983
"213","BE","1976-Q4",3.55780988603856
"214","BE","1977-Q1",3.57763048225981
"215","BE","1977-Q2",3.59369717289834
"216","BE","1977-Q3",3.60864539580551
"217","BE","1977-Q4",3.62019935091672
"218","BE","1978-Q1",3.63251889045298
"219","BE","1978-Q2",3.63723139176792
"220","BE","1978-Q3",3.64770797704441
"221","BE","1978-Q4",3.65797342128804
"222","BE","1979-Q1",3.67022021044228
"223","BE","1979-Q2",3.67763828025378
"224","BE","1979-Q3",3.69409924586575
"225","BE","1979-Q4",3.70811865283565
"226","BE","1980-Q1",3.73150766829938
"227","BE","1980-Q2",3.73923865666405
"228","BE","1980-Q3",3.75726687667746
"229","BE","1980-Q4",3.77929628430347
"230","BE","1981-Q1",3.80124981184787
"231","BE","1981-Q2",3.80925384847017
"232","BE","1981-Q3",3.83509444779514
"233","BE","1981-Q4",3.85549100758122
"234","BE","1982-Q1",3.87468589434427
"235","BE","1982-Q2",3.89777171761154
"236","BE","1982-Q3",3.92205526676246
"237","BE","1982-Q4",3.94091766085155
"238","BE","1983-Q1",3.95792129491085
"239","BE","1983-Q2",3.97104022953773
"240","BE","1983-Q3",3.99517789233525
"241","BE","1983-Q4",4.00707810092749
"242","BE","1984-Q1",4.02564642536719
"243","BE","1984-Q2",4.0399337097692
"244","BE","1984-Q3",4.05153783418306
"245","BE","1984-Q4",4.0604614483691
"246","BE","1985-Q1",4.07798658741194
"247","BE","1985-Q2",4.09142228413104
"248","BE","1985-Q3",4.09800951681225
"249","BE","1985-Q4",4.1005055961696
"250","BE","1986-Q1",4.10265807523346
"251","BE","1986-Q2",4.1039642843097
"252","BE","1986-Q3",4.10581528051478
"253","BE","1986-Q4",4.10707538869036
"254","BE","1987-Q1",4.11314351912646
"255","BE","1987-Q2",4.11979685301704
"256","BE","1987-Q3",4.1256648728098
"257","BE","1987-Q4",4.12252858900491
"258","BE","1988-Q1",4.12290049188366
"259","BE","1988-Q2",4.12977673293427
"260","BE","1988-Q3",4.1360353101073
"261","BE","1988-Q4",4.13856037494293
"262","BE","1989-Q1",4.14827512394543
"263","BE","1989-Q2",4.15929170805401
"264","BE","1989-Q3",4.16797895740888
"265","BE","1989-Q4",4.17400360229153
"266","BE","1990-Q1",4.18229211119157
"267","BE","1990-Q2",4.18966246292948
"268","BE","1990-Q3",4.20061720751786
"269","BE","1990-Q4",4.21251142493873
"270","BE","1991-Q1",4.21880018358849
"271","BE","1991-Q2",4.22161168334464
"272","BE","1991-Q3",4.23303819486279
"273","BE","1991-Q4",4.23835324504563
"274","BE","1992-Q1",4.24265102493317
"275","BE","1992-Q2",4.24849857431765
"276","BE","1992-Q3",4.25590494734131
"277","BE","1992-Q4",4.26074015158669
"278","BE","1993-Q1",4.2707689391074
"279","BE","1993-Q2",4.27471695514496
"280","BE","1993-Q3",4.284115010995
"281","BE","1993-Q4",4.28688919976313
"282","BE","1994-Q1",4.29457446383803
"283","BE","1994-Q2",4.30012705353552
"284","BE","1994-Q3",4.30918748412122
"285","BE","1994-Q4",4.30661203408714
"286","BE","1995-Q1",4.31254277310135
"287","BE","1995-Q2",4.31459146074331
"288","BE","1995-Q3",4.32135636086533
"289","BE","1995-Q4",4.32033947171146
"290","BE","1996-Q1",4.33195272142225
"291","BE","1996-Q2",4.33369615454144
"292","BE","1996-Q3",4.34068640139101
"293","BE","1996-Q4",4.34469891085701
"294","BE","1997-Q1",4.35101159427851
"295","BE","1997-Q2",4.3488345083965
"296","BE","1997-Q3",4.3583416872608
"297","BE","1997-Q4",4.35746858562686
"298","CA","1973-Q2",2.99315310605462
"299","CA","1973-Q3",3.02283726434232
"300","CA","1973-Q4",3.04078115504387
"301","CA","1974-Q1",3.06377067326857
"302","CA","1974-Q2",3.09793956888382
"303","CA","1974-Q3",3.12722237408431
"304","CA","1974-Q4",3.15567203555239
"305","CA","1975-Q1",3.17379942014494
"306","CA","1975-Q2",3.19746916423085
"307","CA","1975-Q3",3.22969289589805
"308","CA","1975-Q4",3.24987295290243
"309","CA","1976-Q1",3.26419826674824
"310","CA","1976-Q2",3.27832126085995
"311","CA","1976-Q3",3.29331083487947
"312","CA","1976-Q4",3.30703136674238
"313","CA","1977-Q1",3.32777899893662
"314","CA","1977-Q2",3.35312247394264
"315","CA","1977-Q3",3.37392560157241
"316","CA","1977-Q4",3.39430476390906
"317","CA","1978-Q1",3.41427689709597
"318","CA","1978-Q2",3.4375445824153
"319","CA","1978-Q3",3.46208011578132
"320","CA","1978-Q4",3.4789919563221
"321","CA","1979-Q1",3.49995342248777
"322","CA","1979-Q2",3.52723559198487
"323","CA","1979-Q3",3.54639486192335
"324","CA","1979-Q4",3.56923435389317
"325","CA","1980-Q1",3.59077487561523
"326","CA","1980-Q2",3.6180245180626
"327","CA","1980-Q3",3.64604604098526
"328","CA","1980-Q4",3.67330371378738
"329","CA","1981-Q1",3.70689029338394
"330","CA","1981-Q2",3.73597821674526
"331","CA","1981-Q3",3.76557015406194
"332","CA","1981-Q4",3.78979392444146
"333","CA","1982-Q1",3.81470738160547
"334","CA","1982-Q2",3.84515397071404
"335","CA","1982-Q3",3.86634761895593
"336","CA","1982-Q4",3.88180571510864
"337","CA","1983-Q1",3.88886041808853
"338","CA","1983-Q2",3.90224438278592
"339","CA","1983-Q3",3.91829977353921
"340","CA","1983-Q4",3.92735985816361
"341","CA","1984-Q1",3.93912799621647
"342","CA","1984-Q2",3.94744981955396
"343","CA","1984-Q3",3.95570296131068
"344","CA","1984-Q4",3.96334491989841
"345","CA","1985-Q1",3.97469946200134
"346","CA","1985-Q2",3.98645801543942
"347","CA","1985-Q3",3.99597686044862
"348","CA","1985-Q4",4.00384059690884
"349","CA","1986-Q1",4.01681094735146
"350","CA","1986-Q2",4.02502454588885
"351","CA","1986-Q3",4.03671464089666
"352","CA","1986-Q4",4.04677002979449
"353","CA","1987-Q1",4.05622989620764
"354","CA","1987-Q2",4.07049828095538
"355","CA","1987-Q3",4.08118837303963
"356","CA","1987-Q4",4.08793213655506
"357","CA","1988-Q1",4.09653639613909
"358","CA","1988-Q2",4.10930554575563
"359","CA","1988-Q3",4.12005582456182
"360","CA","1988-Q4",4.12792805785363
"361","CA","1989-Q1",4.14030502080336
"362","CA","1989-Q2",4.15746894713425
"363","CA","1989-Q3",4.17169773321122
"364","CA","1989-Q4",4.17873691757848
"365","CA","1990-Q1",4.19310060304771
"366","CA","1990-Q2",4.20256303924221
"367","CA","1990-Q3",4.21236077470177
"368","CA","1990-Q4",4.22708858141201
"369","CA","1991-Q1",4.25550309341463
"370","CA","1991-Q2",4.26278467898589
"371","CA","1991-Q3",4.26881242478341
"372","CA","1991-Q4",4.26720857520143
"373","CA","1992-Q1",4.27121338632095
"374","CA","1992-Q2",4.27639577782793
"375","CA","1992-Q3",4.28075999820453
"376","CA","1992-Q4",4.28510525489337
"377","CA","1993-Q1",4.29217519793189
"378","CA","1993-Q2",4.2941302327677
"379","CA","1993-Q3",4.29802887318335
"380","CA","1993-Q4",4.30307448838993
"381","CA","1994-Q1",4.29763969240397
"382","CA","1994-Q2",4.2941302327677
"383","CA","1994-Q3",4.29958408345016
"384","CA","1994-Q4",4.30268726670068
"385","CA","1995-Q1",4.31270661834063
"386","CA","1995-Q2",4.32072652002397
"387","CA","1995-Q3",4.32262657759732
"388","CA","1995-Q4",4.32300615626955
"389","CA","1996-Q1",4.32717203996899
"390","CA","1996-Q2",4.3350772194761
"391","CA","1996-Q3",4.33657590840405
"392","CA","1996-Q4",4.34254830390958
"393","CA","1997-Q1",4.34811521381423
"394","CA","1997-Q2",4.35107160916784
"395","CA","1997-Q3",4.35365130472044
"396","CA","1997-Q4",4.35291492766213
"397","CH","1973-Q2",3.7051126683506
"398","CH","1973-Q3",3.71910768456001
"399","CH","1973-Q4",3.7654121801402
"400","CH","1974-Q1",3.78689910078487
"401","CH","1974-Q2",3.79492317606708
"402","CH","1974-Q3",3.81948005944413
"403","CH","1974-Q4",3.8495475770057
"404","CH","1975-Q1",3.86394742338705
"405","CH","1975-Q2",3.87609588853199
"406","CH","1975-Q3",3.88241415673943
"407","CH","1975-Q4",3.88869868068581
"408","CH","1976-Q1",3.89333501234842
"409","CH","1976-Q2",3.89131880773321
"410","CH","1976-Q3",3.89534133973013
"411","CH","1976-Q4",3.8993477557687
"412","CH","1977-Q1",3.9031410620612
"413","CH","1977-Q2",3.90512206719948
"414","CH","1977-Q3",3.91009188994021
"415","CH","1977-Q4",3.91248435253001
"416","CH","1978-Q1",3.91446985826126
"417","CH","1978-Q2",3.91877738123591
"418","CH","1978-Q3",3.920100780841
"419","CH","1978-Q4",3.91845196105103
"420","CH","1979-Q1",3.93322252196189
"421","CH","1979-Q2",3.95002136162281
"422","CH","1979-Q3",3.96338661546706
"423","CH","1979-Q4",3.96811940922536
"424","CH","1980-Q1",3.97564332451806
"425","CH","1980-Q2",3.98806586938345
"426","CH","1980-Q3",4.00033068644378
"427","CH","1980-Q4",4.00851489979837
"428","CH","1981-Q1",4.03240827220007
"429","CH","1981-Q2",4.04618663358344
"430","CH","1981-Q3",4.0694816741687
"431","CH","1981-Q4",4.07571214867588
"432","CH","1982-Q1",4.08443678906496
"433","CH","1982-Q2",4.10330927280398
"434","CH","1982-Q3",4.12370811043038
"435","CH","1982-Q4",4.1322962647891
"436","CH","1983-Q1",4.13128594613953
"437","CH","1983-Q2",4.13808522264609
"438","CH","1983-Q3",4.14137452038181
"439","CH","1983-Q4",4.14989024566245
"440","CH","1984-Q1",4.16051954430962
"441","CH","1984-Q2",4.16718909430834
"442","CH","1984-Q3",4.16902639020956
"443","CH","1984-Q4",4.17946970259903
"444","CH","1985-Q1",4.19799705339318
"445","CH","1985-Q2",4.20254072393668
"446","CH","1985-Q3",4.20072553742066
"447","CH","1985-Q4",4.21010140418518
"448","CH","1986-Q1",4.21267768565557
"449","CH","1986-Q2",4.21076792946312
"450","CH","1986-Q3",4.20674611178995
"451","CH","1986-Q4",4.21110416064283
"452","CH","1987-Q1",4.2214463470784
"453","CH","1987-Q2",4.22196127953413
"454","CH","1987-Q3",4.22428400597307
"455","CH","1987-Q4",4.23078831072731
"456","CH","1988-Q1",4.23852452599452
"457","CH","1988-Q2",4.24249184012301
"458","CH","1988-Q3",4.24284607635742
"459","CH","1988-Q4",4.24882389170899
"460","CH","1989-Q1",4.26095974560702
"461","CH","1989-Q2",4.27069328023329
"462","CH","1989-Q3",4.27350714703395
"463","CH","1989-Q4",4.29156917715682
"464","CH","1990-Q1",4.30942441582383
"465","CH","1990-Q2",4.31854972609806
"466","CH","1990-Q3",4.33027364518919
"467","CH","1990-Q4",4.34881266176965
"468","CH","1991-Q1",4.36640367853169
"469","CH","1991-Q2",4.37917411858347
"470","CH","1991-Q3",4.38914872543613
"471","CH","1991-Q4",4.40023034769992
"472","CH","1992-Q1",4.41302726154872
"473","CH","1992-Q2",4.4220072450738
"474","CH","1992-Q3",4.42464581534882
"475","CH","1992-Q4",4.43378429128189
"476","CH","1993-Q1",4.44741175391474
"477","CH","1993-Q2",4.4564137609692
"478","CH","1993-Q3",4.4588954445702
"479","CH","1993-Q4",4.46038586433034
"480","CH","1994-Q1",4.46464623059812
"481","CH","1994-Q2",4.46290421737984
"482","CH","1994-Q3",4.46444970358541
"483","CH","1994-Q4",4.46509716087866
"484","CH","1995-Q1",4.47816659922677
"485","CH","1995-Q2",4.48177011906075
"486","CH","1995-Q3",4.4841838694894
"487","CH","1995-Q4",4.48431746982785
"488","CH","1996-Q1",4.48876160584623
"489","CH","1996-Q2",4.48965018524967
"490","CH","1996-Q3",4.49024687609667
"491","CH","1996-Q4",4.49212403743309
"492","CH","1997-Q1",4.49606044728214
"493","CH","1997-Q2",4.49490450093523
"494","CH","1997-Q3",4.4949074060857
"495","CH","1997-Q4",4.49566753914195
"496","DE","1973-Q2",3.62704226207
"497","DE","1973-Q3",3.63691263123448
"498","DE","1973-Q4",3.65576400948452
"499","DE","1974-Q1",3.67957469365026
"500","DE","1974-Q2",3.69533213021045
"501","DE","1974-Q3",3.70455411212085
"502","DE","1974-Q4",3.7182295602325
"503","DE","1975-Q1",3.73673307010382
"504","DE","1975-Q2",3.75599094472335
"505","DE","1975-Q3",3.76359132993591
"506","DE","1975-Q4",3.77113446151179
"507","DE","1976-Q1",3.78763738050256
"508","DE","1976-Q2",3.79814173210289
"509","DE","1976-Q3",3.8007506319976
"510","DE","1976-Q4",3.80750213309677
"511","DE","1977-Q1",3.82494746345732
"512","DE","1977-Q2",3.8355723219114
"513","DE","1977-Q3",3.83858745807223
"514","DE","1977-Q4",3.84159345897128
"515","DE","1978-Q1",3.85451614106957
"516","DE","1978-Q2",3.8638550828292
"517","DE","1978-Q3",3.8633657168374
"518","DE","1978-Q4",3.86629825724321
"519","DE","1979-Q1",3.88323549463062
"520","DE","1979-Q2",3.89610818475604
"521","DE","1979-Q3",3.90881720561639
"522","DE","1979-Q4",3.91812830708522
"523","DE","1980-Q1",3.93694912241034
"524","DE","1980-Q2",3.95363496703216
"525","DE","1980-Q3",3.95943206955957
"526","DE","1980-Q4",3.96828558424895
"527","DE","1981-Q1",3.99266645449213
"528","DE","1981-Q2",4.01014721454389
"529","DE","1981-Q3",4.02399840084867
"530","DE","1981-Q4",4.0372491320396
"531","DE","1982-Q1",4.04992047581708
"532","DE","1982-Q2",4.06243320630142
"533","DE","1982-Q3",4.07360203840696
"534","DE","1982-Q4",4.08268404243518
"535","DE","1983-Q1",4.0897345692323
"536","DE","1983-Q2",4.09479594240269
"537","DE","1983-Q3",4.10445787467408
"538","DE","1983-Q4",4.10944540305053
"539","DE","1984-Q1",4.11782959744613
"540","DE","1984-Q2",4.12275104063626
"541","DE","1984-Q3",4.12312856618649
"542","DE","1984-Q4",4.12990062502174
"543","DE","1985-Q1",4.1407156225335
"544","DE","1985-Q2",4.14552603270612
"545","DE","1985-Q3",4.14367859205822
"546","DE","1985-Q4",4.14552603270612
"547","DE","1986-Q1",4.1481066237905
"548","DE","1986-Q2",4.14552603270612
"549","DE","1986-Q3",4.14034457359821
"550","DE","1986-Q4",4.13625466859255
"551","DE","1987-Q1",4.14293865908822
"552","DE","1987-Q2",4.14589511162409
"553","DE","1987-Q3",4.14552603270612
"554","DE","1987-Q4",4.14589511162409
"555","DE","1988-Q1",4.15251518688628
"556","DE","1988-Q2",4.15726925162262
"557","DE","1988-Q3",4.15836311321237
"558","DE","1988-Q4",4.1627267890246
"559","DE","1989-Q1",4.17642065284285
"560","DE","1989-Q2",4.18568330367446
"561","DE","1989-Q3",4.1860379083034
"562","DE","1989-Q4",4.19239827474513
"563","DE","1990-Q1",4.20325843718776
"564","DE","1990-Q2",4.20847130901704
"565","DE","1990-Q3",4.21296729055031
"566","DE","1990-Q4",4.22224091033047
"567","DE","1991-Q1",4.23128708174505
"568","DE","1991-Q2",4.24093035801685
"569","DE","1991-Q3",4.25711348130495
"570","DE","1991-Q4",4.27582310096167
"571","DE","1992-Q1",4.28871462388008
"572","DE","1992-Q2",4.30008613600104
"573","DE","1992-Q3",4.30549886910779
"574","DE","1992-Q4",4.30864281959776
"575","DE","1993-Q1",4.33431930764328
"576","DE","1993-Q2",4.34302258277158
"577","DE","1993-Q3",4.34993107311539
"578","DE","1993-Q4",4.3507912882222
"579","DE","1994-Q1",4.36360649991507
"580","DE","1994-Q2",4.37037471526121
"581","DE","1994-Q3",4.37542098332883
"582","DE","1994-Q4",4.37500143224233
"583","DE","1995-Q1",4.38419113768345
"584","DE","1995-Q2",4.38751202076863
"585","DE","1995-Q3",4.39082191208165
"586","DE","1995-Q4",4.38958198631833
"587","DE","1996-Q1",4.39863927343084
"588","DE","1996-Q2",4.40191259877581
"589","DE","1996-Q3",4.40436058041445
"590","DE","1996-Q4",4.40476799537221
"591","DE","1997-Q1",4.41610874065176
"592","DE","1997-Q2",4.41731622721425
"593","DE","1997-Q3",4.42732231430118
"594","DE","1997-Q4",4.42572805330189
"595","DK","1973-Q2",2.87504313550926
"596","DK","1973-Q3",2.89870071301468
"597","DK","1973-Q4",2.93539070023907
"598","DK","1974-Q1",2.97368966414459
"599","DK","1974-Q2",3.01156256460406
"600","DK","1974-Q3",3.04868769802411
"601","DK","1974-Q4",3.08601127274591
"602","DK","1975-Q1",3.10010773139563
"603","DK","1975-Q2",3.12007561591466
"604","DK","1975-Q3",3.13863929428759
"605","DK","1975-Q4",3.13108006748205
"606","DK","1976-Q1",3.16168800985976
"607","DK","1976-Q2",3.20095769237864
"608","DK","1976-Q3",3.21635086499675
"609","DK","1976-Q4",3.25421532324617
"610","DK","1977-Q1",3.26523682907075
"611","DK","1977-Q2",3.29681381459195
"612","DK","1977-Q3",3.32115809629625
"613","DK","1977-Q4",3.36421859122005
"614","DK","1978-Q1",3.38417530786104
"615","DK","1978-Q2",3.40046479782107
"616","DK","1978-Q3",3.4122606780948
"617","DK","1978-Q4",3.44127662384558
"618","DK","1979-Q1",3.45068457619383
"619","DK","1979-Q2",3.47581616410493
"620","DK","1979-Q3",3.52537546364589
"621","DK","1979-Q4",3.55111080102446
"622","DK","1980-Q1",3.57556508171227
"623","DK","1980-Q2",3.60562379649322
"624","DK","1980-Q3",3.6342058481944
"625","DK","1980-Q4",3.65320879310132
"626","DK","1981-Q1",3.679294967411
"627","DK","1981-Q2",3.72104445436654
"628","DK","1981-Q3",3.74539960123525
"629","DK","1981-Q4",3.76745511819396
"630","DK","1982-Q1",3.78847267897323
"631","DK","1982-Q2",3.8120815015633
"632","DK","1982-Q3",3.83702189007426
"633","DK","1982-Q4",3.86187778377392
"634","DK","1983-Q1",3.87020030205103
"635","DK","1983-Q2",3.88434476718026
"636","DK","1983-Q3",3.89652765734969
"637","DK","1983-Q4",3.9165083868111
"638","DK","1984-Q1",3.93099244691675
"639","DK","1984-Q2",3.94862789618695
"640","DK","1984-Q3",3.95887217450555
"641","DK","1984-Q4",3.9732270294601
"642","DK","1985-Q1",3.98576500451657
"643","DK","1985-Q2",4.0008786230866
"644","DK","1985-Q3",3.99996912976386
"645","DK","1985-Q4",4.00835062852013
"646","DK","1986-Q1",4.00744790866748
"647","DK","1986-Q2",4.0396621239859
"648","DK","1986-Q3",4.04075472734027
"649","DK","1986-Q4",4.05118273951936
"650","DK","1987-Q1",4.05614129754554
"651","DK","1987-Q2",4.07192999897913
"652","DK","1987-Q3",4.07868105802298
"653","DK","1987-Q4",4.09017906734664
"654","DK","1988-Q1",4.10257332751504
"655","DK","1988-Q2",4.11684184416634
"656","DK","1988-Q3",4.12128441796072
"657","DK","1988-Q4",4.13369952635384
"658","DK","1989-Q1",4.14714107106662
"659","DK","1989-Q2",4.16330659471713
"660","DK","1989-Q3",4.16870158826246
"661","DK","1989-Q4",4.1816838323584
"662","DK","1990-Q1",4.17959519688675
"663","DK","1990-Q2",4.18735810163085
"664","DK","1990-Q3",4.19449974933031
"665","DK","1990-Q4",4.20381944841195
"666","DK","1991-Q1",4.20419045926288
"667","DK","1991-Q2",4.21360444362917
"668","DK","1991-Q3",4.21690597366873
"669","DK","1991-Q4",4.22529403783235
"670","DK","1992-Q1",4.22728957041633
"671","DK","1992-Q2",4.23774577043446
"672","DK","1992-Q3",4.23774577043446
"673","DK","1992-Q4",4.24025332794514
"674","DK","1993-Q1",4.24043221351322
"675","DK","1993-Q2",4.24756106267897
"676","DK","1993-Q3",4.24968988064021
"677","DK","1993-Q4",4.25534458737724
"678","DK","1994-Q1",4.25798432869273
"679","DK","1994-Q2",4.267429873133
"680","DK","1994-Q3",4.27038508886742
"681","DK","1994-Q4",4.27609691063319
"682","DK","1995-Q1",4.28126138336204
"683","DK","1995-Q2",4.28998011271572
"684","DK","1995-Q3",4.28861749916315
"685","DK","1995-Q4",4.29456535899316
"686","DK","1996-Q1",4.29946691649543
"687","DK","1996-Q2",4.30953244897813
"688","DK","1996-Q3",4.31153333000235
"689","DK","1996-Q4",4.31800912173345
"690","DK","1997-Q1",4.3209838265993
"691","DK","1997-Q2",4.32985526069642
"692","DK","1997-Q3",4.33491280103981
"693","DK","1997-Q4",4.33913497614287
"694","ES","1973-Q2",1.88154295242234
"695","ES","1973-Q3",1.92370392395572
"696","ES","1973-Q4",1.96060260569507
"697","ES","1974-Q1",1.98358962770274
"698","ES","1974-Q2",2.03047444972573
"699","ES","1974-Q3",2.06548707324895
"700","ES","1974-Q4",2.11467940496663
"701","ES","1975-Q1",2.15513762233478
"702","ES","1975-Q2",2.18914374732249
"703","ES","1975-Q3",2.22648155594206
"704","ES","1975-Q4",2.25180045454475
"705","ES","1976-Q1",2.29158933092471
"706","ES","1976-Q2",2.35856022360622
"707","ES","1976-Q3",2.38724571697226
"708","ES","1976-Q4",2.43200932966107
"709","ES","1977-Q1",2.49493074787788
"710","ES","1977-Q2",2.54864308890328
"711","ES","1977-Q3",2.6281454326244
"712","ES","1977-Q4",2.67127324195683
"713","ES","1978-Q1",2.70581229197565
"714","ES","1978-Q2",2.74838236247838
"715","ES","1978-Q3",2.79413001021069
"716","ES","1978-Q4",2.82184416101512
"717","ES","1979-Q1",2.85788817184531
"718","ES","1979-Q2",2.89301012598659
"719","ES","1979-Q3",2.93499957820138
"720","ES","1979-Q4",2.96672204429125
"721","ES","1980-Q1",3.01202929446705
"722","ES","1980-Q2",3.03794890614855
"723","ES","1980-Q3",3.07583823903086
"724","ES","1980-Q4",3.10616983226003
"725","ES","1981-Q1",3.14888261189138
"726","ES","1981-Q2",3.17694655709287
"727","ES","1981-Q3",3.20921911866757
"728","ES","1981-Q4",3.24049789818156
"729","ES","1982-Q1",3.28230962963597
"730","ES","1982-Q2",3.31726645105886
"731","ES","1982-Q3",3.34614193876543
"732","ES","1982-Q4",3.36874718411022
"733","ES","1983-Q1",3.40656601518243
"734","ES","1983-Q2",3.43062127508353
"735","ES","1983-Q3",3.45102817162977
"736","ES","1983-Q4",3.48615975240486
"737","ES","1984-Q1",3.5203334382388
"738","ES","1984-Q2",3.53760179798305
"739","ES","1984-Q3",3.56463000459867
"740","ES","1984-Q4",3.57997220890288
"741","ES","1985-Q1",3.61152433469075
"742","ES","1985-Q2",3.62983894443012
"743","ES","1985-Q3",3.64006956296632
"744","ES","1985-Q4",3.65947129486621
"745","ES","1986-Q1",3.697214200761
"746","ES","1986-Q2",3.70828422561514
"747","ES","1986-Q3",3.73057285273012
"748","ES","1986-Q4",3.74198721001183
"749","ES","1987-Q1",3.75646943825138
"750","ES","1987-Q2",3.7632582864449
"751","ES","1987-Q3",3.77586275820614
"752","ES","1987-Q4",3.78740924345011
"753","ES","1988-Q1",3.79958515219014
"754","ES","1988-Q2",3.80307265518416
"755","ES","1988-Q3",3.82825596036119
"756","ES","1988-Q4",3.84073198042253
"757","ES","1989-Q1",3.85996925570197
"758","ES","1989-Q2",3.86988820476744
"759","ES","1989-Q3",3.89513431204131
"760","ES","1989-Q4",3.90930614571563
"761","ES","1990-Q1",3.92756524742239
"762","ES","1990-Q2",3.93534523144552
"763","ES","1990-Q3",3.95714336254972
"764","ES","1990-Q4",3.97455328332912
"765","ES","1991-Q1",3.9875785072772
"766","ES","1991-Q2",3.99429143488903
"767","ES","1991-Q3",4.0146837930339
"768","ES","1991-Q4",4.02879298300995
"769","ES","1992-Q1",4.05102889683434
"770","ES","1992-Q2",4.05624388006873
"771","ES","1992-Q3",4.0690431527744
"772","ES","1992-Q4",4.07954571334212
"773","ES","1993-Q1",4.09246815312755
"774","ES","1993-Q2",4.10195256790819
"775","ES","1993-Q3",4.11395932420964
"776","ES","1993-Q4",4.12611988587765
"777","ES","1994-Q1",4.14123007298901
"778","ES","1994-Q2",4.1491958107037
"779","ES","1994-Q3",4.15981661369308
"780","ES","1994-Q4",4.16877867943489
"781","ES","1995-Q1",4.18780654314714
"782","ES","1995-Q2",4.1991701237322
"783","ES","1995-Q3",4.20328468620277
"784","ES","1995-Q4",4.21154646183985
"785","ES","1996-Q1",4.22367254874535
"786","ES","1996-Q2",4.23461559490409
"787","ES","1996-Q3",4.23923638631687
"788","ES","1996-Q4",4.24419366597773
"789","ES","1997-Q1",4.24879814004148
"790","ES","1997-Q2",4.25022631860041
"791","ES","1997-Q3",4.25710982324629
"792","ES","1997-Q4",4.26370426112353
"793","FI","1973-Q2",2.78390693932401
"794","FI","1973-Q3",2.83293198095329
"795","FI","1973-Q4",2.85728813005428
"796","FI","1974-Q1",2.89743398617301
"797","FI","1974-Q2",2.94551606937031
"798","FI","1974-Q3",2.98787917842577
"799","FI","1974-Q4",3.02052289897415
"800","FI","1975-Q1",3.06687709524741
"801","FI","1975-Q2",3.11162177254785
"802","FI","1975-Q3",3.14590074692396
"803","FI","1975-Q4",3.18318782757866
"804","FI","1976-Q1",3.22271873975243
"805","FI","1976-Q2",3.24376390920203
"806","FI","1976-Q3",3.27669177067764
"807","FI","1976-Q4",3.30234839314389
"808","FI","1977-Q1",3.33172760770449
"809","FI","1977-Q2",3.3625203130185
"810","FI","1977-Q3",3.39108428996124
"811","FI","1977-Q4",3.40635660400633
"812","FI","1978-Q1",3.42171697180879
"813","FI","1978-Q2",3.44339204627935
"814","FI","1978-Q3",3.45635923396879
"815","FI","1978-Q4",3.47158018408712
"816","FI","1979-Q1",3.49043461010107
"817","FI","1979-Q2",3.51242639736355
"818","FI","1979-Q3",3.52910792330117
"819","FI","1979-Q4",3.54887691445555
"820","FI","1980-Q1",3.57944518343927
"821","FI","1980-Q2",3.61854073065473
"822","FI","1980-Q3",3.64428873093224
"823","FI","1980-Q4",3.67581508264453
"824","FI","1981-Q1",3.69937441774028
"825","FI","1981-Q2",3.72871799177482
"826","FI","1981-Q3",3.74902159999676
"827","FI","1981-Q4",3.77053488005136
"828","FI","1982-Q1",3.79757636167817
"829","FI","1982-Q2",3.82756776532559
"830","FI","1982-Q3",3.84088121645142
"831","FI","1982-Q4",3.84836732708444
"832","FI","1983-Q1",3.87340921227521
"833","FI","1983-Q2",3.90293690986577
"834","FI","1983-Q3",3.92279486591049
"835","FI","1983-Q4",3.9362733133352
"836","FI","1984-Q1",3.9519960498137
"837","FI","1984-Q2",3.97302137583865
"838","FI","1984-Q3",3.98662353945106
"839","FI","1984-Q4",3.99747637378805
"840","FI","1985-Q1",4.0140590037582
"841","FI","1985-Q2",4.02915747525247
"842","FI","1985-Q3",4.03214994105736
"843","FI","1985-Q4",4.0367872680818
"844","FI","1986-Q1",4.04763377253068
"845","FI","1986-Q2",4.05350075860587
"846","FI","1986-Q3",4.06030240442323
"847","FI","1986-Q4",4.06641663376209
"848","FI","1987-Q1",4.08422316687035
"849","FI","1987-Q2",4.0958165802841
"850","FI","1987-Q3",4.10140847095395
"851","FI","1987-Q4",4.10758512843292
"852","FI","1988-Q1",4.12437679914368
"853","FI","1988-Q2",4.14327074913095
"854","FI","1988-Q3",4.15390912327835
"855","FI","1988-Q4",4.16559835723833
"856","FI","1989-Q1",4.18399289113101
"857","FI","1989-Q2",4.20814341489309
"858","FI","1989-Q3",4.21880583483475
"859","FI","1989-Q4",4.23145248255349
"860","FI","1990-Q1",4.25370602077656
"861","FI","1990-Q2",4.26690611289237
"862","FI","1990-Q3",4.27606357402935
"863","FI","1990-Q4",4.2847764826299
"864","FI","1991-Q1",4.30313994098105
"865","FI","1991-Q2",4.31305958417379
"866","FI","1991-Q3",4.31353868913508
"867","FI","1991-Q4",4.32069689021253
"868","FI","1992-Q1",4.33232656472353
"869","FI","1992-Q2",4.34152767427639
"870","FI","1992-Q3",4.34264476505405
"871","FI","1992-Q4",4.34904390883256
"872","FI","1993-Q1",4.36035032962307
"873","FI","1993-Q2",4.36588024866813
"874","FI","1993-Q3",4.36245042487187
"875","FI","1993-Q4",4.36360516538642
"876","FI","1994-Q1",4.36324064722765
"877","FI","1994-Q2",4.37131945953865
"878","FI","1994-Q3",4.38017024855385
"879","FI","1994-Q4",4.38076751063242
"880","FI","1995-Q1",4.38019690707793
"881","FI","1995-Q2",4.3829642523942
"882","FI","1995-Q3",4.3838294819231
"883","FI","1995-Q4",4.38013010047465
"884","FI","1996-Q1",4.38495990139486
"885","FI","1996-Q2",4.38933659455496
"886","FI","1996-Q3",4.38917120192497
"887","FI","1996-Q4",4.38874091793946
"888","FI","1997-Q1",4.38999807154864
"889","FI","1997-Q2",4.39911466293937
"890","FI","1997-Q3",4.40356041711024
"891","FI","1997-Q4",4.40688177683504
"892","FR","1973-Q2",2.90432218407342
"893","FR","1973-Q3",2.92827874050459
"894","FR","1973-Q4",2.95516429839665
"895","FR","1974-Q1",2.99173283843656
"896","FR","1974-Q2",3.03148993239886
"897","FR","1974-Q3",3.06421581523957
"898","FR","1974-Q4",3.09497284940238
"899","FR","1975-Q1",3.12232143578657
"900","FR","1975-Q2",3.1462893516876
"901","FR","1975-Q3",3.16796524919302
"902","FR","1975-Q4",3.18960490038207
"903","FR","1976-Q1",3.21368742488206
"904","FR","1976-Q2",3.2361924428408
"905","FR","1976-Q3",3.25919112713939
"906","FR","1976-Q4",3.28456832806727
"907","FR","1977-Q1",3.30006064440897
"908","FR","1977-Q2",3.3301590716019
"909","FR","1977-Q3",3.35363827768888
"910","FR","1977-Q4",3.37252689649942
"911","FR","1978-Q1",3.38811529773869
"912","FR","1978-Q2",3.416218639247
"913","FR","1978-Q3",3.44256652450392
"914","FR","1978-Q4",3.46325301513904
"915","FR","1979-Q1",3.48478340054444
"916","FR","1979-Q2",3.51263410489279
"917","FR","1979-Q3",3.54449783741351
"918","FR","1979-Q4",3.57234662643332
"919","FR","1980-Q1",3.60978785481622
"920","FR","1980-Q2",3.64114268625541
"921","FR","1980-Q3",3.67220215485493
"922","FR","1980-Q4",3.69976989255967
"923","FR","1981-Q1",3.72908644669963
"924","FR","1981-Q2",3.76148546807971
"925","FR","1981-Q3",3.79983819115749
"926","FR","1981-Q4",3.83174071413467
"927","FR","1982-Q1",3.85993487873154
"928","FR","1982-Q2",3.89026872247528
"929","FR","1982-Q3",3.90418515849074
"930","FR","1982-Q4",3.92227347962248
"931","FR","1983-Q1",3.94855757256754
"932","FR","1983-Q2",3.97611158900783
"933","FR","1983-Q3",3.99724075549744
"934","FR","1983-Q4",4.01606937073842
"935","FR","1984-Q1",4.03317564524286
"936","FR","1984-Q2",4.05112043058616
"937","FR","1984-Q3",4.06786376688461
"938","FR","1984-Q4",4.08215130248524
"939","FR","1985-Q1",4.09559179714614
"940","FR","1985-Q2",4.11372949814908
"941","FR","1985-Q3",4.12299076975095
"942","FR","1985-Q4",4.12904820327011
"943","FR","1986-Q1",4.13029694609064
"944","FR","1986-Q2",4.13755007298655
"945","FR","1986-Q3",4.14372546412385
"946","FR","1986-Q4",4.15027081676116
"947","FR","1987-Q1",4.16222761132136
"948","FR","1987-Q2",4.17085271295559
"949","FR","1987-Q3",4.17682632893077
"950","FR","1987-Q4",4.1813821872029
"951","FR","1988-Q1",4.18611406082642
"952","FR","1988-Q2",4.19590077525156
"953","FR","1988-Q3",4.20482072529959
"954","FR","1988-Q4",4.21097940277893
"955","FR","1989-Q1",4.21938602211654
"956","FR","1989-Q2",4.23148898482084
"957","FR","1989-Q3",4.23823313996401
"958","FR","1989-Q4",4.24622944627658
"959","FR","1990-Q1",4.25250175516151
"960","FR","1990-Q2",4.26127636525427
"961","FR","1990-Q3",4.26869443003077
"962","FR","1990-Q4",4.27864671220054
"963","FR","1991-Q1",4.2855499967859
"964","FR","1991-Q2",4.29365619316443
"965","FR","1991-Q3",4.30021830508474
"966","FR","1991-Q4",4.30825429611969
"967","FR","1992-Q1",4.31297908638807
"968","FR","1992-Q2",4.32063296358554
"969","FR","1992-Q3",4.32133437344806
"970","FR","1992-Q4",4.3262770301578
"971","FR","1993-Q1",4.33415327547061
"972","FR","1993-Q2",4.3406850374235
"973","FR","1993-Q3",4.34265457888234
"974","FR","1993-Q4",4.34703774725497
"975","FR","1994-Q1",4.3509934666014
"976","FR","1994-Q2",4.35750667430244
"977","FR","1994-Q3",4.35876821986286
"978","FR","1994-Q4",4.36294696827696
"979","FR","1995-Q1",4.36844701567865
"980","FR","1995-Q2",4.37369520420578
"981","FR","1995-Q3",4.37670712126323
"982","FR","1995-Q4",4.38257198208248
"983","FR","1996-Q1",4.38932017823541
"984","FR","1996-Q2",4.3970203881227
"985","FR","1996-Q3",4.3948077578788
"986","FR","1996-Q4",4.39883888533322
"987","FR","1997-Q1",4.40375820137261
"988","FR","1997-Q2",4.40620881417711
"989","FR","1997-Q3",4.40753908664998
"990","FR","1997-Q4",4.41036539891163
"991","GB","1973-Q2",2.51079699697126
"992","GB","1973-Q3",2.52586251533222
"993","GB","1973-Q4",2.55980123366079
"994","GB","1974-Q1",2.60044755806707
"995","GB","1974-Q2",2.65822655488181
"996","GB","1974-Q3",2.68304007631368
"997","GB","1974-Q4",2.72684720476733
"998","GB","1975-Q1",2.78533996150481
"999","GB","1975-Q2",2.87564652812878
"1000","GB","1975-Q3",2.9186322440043
"1001","GB","1975-Q4",2.952478062192
"1002","GB","1976-Q1",2.98789620997529
"1003","GB","1976-Q2",3.02382536868265
"1004","GB","1976-Q3",3.04658994381284
"1005","GB","1976-Q4",3.09162677080327
"1006","GB","1977-Q1",3.1406756353879
"1007","GB","1977-Q2",3.18431941334969
"1008","GB","1977-Q3",3.19995900118134
"1009","GB","1977-Q4",3.21446896154422
"1010","GB","1978-Q1",3.23139762073277
"1011","GB","1978-Q2",3.25830968082001
"1012","GB","1978-Q3",3.27552245000378
"1013","GB","1978-Q4",3.29227924133599
"1014","GB","1979-Q1",3.32290148055955
"1015","GB","1979-Q2",3.3589441909839
"1016","GB","1979-Q3",3.42375201106497
"1017","GB","1979-Q4",3.45149408071924
"1018","GB","1980-Q1",3.49756111802818
"1019","GB","1980-Q2",3.55408663047084
"1020","GB","1980-Q3",3.57526134936674
"1021","GB","1980-Q4",3.59368717641591
"1022","GB","1981-Q1",3.61714402006257
"1023","GB","1981-Q2",3.6647388346002
"1024","GB","1981-Q3",3.68193515967833
"1025","GB","1981-Q4",3.70615473683345
"1026","GB","1982-Q1",3.72265913229302
"1027","GB","1982-Q2",3.75414698289544
"1028","GB","1982-Q3",3.75869804994642
"1029","GB","1982-Q4",3.7659985424223
"1030","GB","1983-Q1",3.77110779300007
"1031","GB","1983-Q2",3.79128810518989
"1032","GB","1983-Q3",3.8040915810728
"1033","GB","1983-Q4",3.81527153401426
"1034","GB","1984-Q1",3.82139665856456
"1035","GB","1984-Q2",3.84145208312687
"1036","GB","1984-Q3",3.85015434231589
"1037","GB","1984-Q4",3.86250940036151
"1038","GB","1985-Q1",3.87496534812561
"1039","GB","1985-Q2",3.90881854752351
"1040","GB","1985-Q3",3.91126826671509
"1041","GB","1985-Q4",3.91614977489971
"1042","GB","1986-Q1",3.92308223731834
"1043","GB","1986-Q2",3.93612280395639
"1044","GB","1986-Q3",3.9371451867499
"1045","GB","1986-Q4",3.950004957425
"1046","GB","1987-Q1",3.96203706226066
"1047","GB","1987-Q2",3.97720395434296
"1048","GB","1987-Q3",3.97949186366837
"1049","GB","1987-Q4",3.9902080180128
"1050","GB","1988-Q1",3.9939275643191
"1051","GB","1988-Q2",4.01364938679927
"1052","GB","1988-Q3",4.02169771998209
"1053","GB","1988-Q4",4.03298976955986
"1054","GB","1989-Q1",4.0415396407811
"1055","GB","1989-Q2",4.0642016659621
"1056","GB","1989-Q3",4.07121923862074
"1057","GB","1989-Q4",4.08698746188869
"1058","GB","1990-Q1",4.09880719513957
"1059","GB","1990-Q2",4.12985991848116
"1060","GB","1990-Q3",4.14414587572864
"1061","GB","1990-Q4",4.1623015720904
"1062","GB","1991-Q1",4.16635602305429
"1063","GB","1991-Q2",4.21045587651459
"1064","GB","1991-Q3",4.21762041529008
"1065","GB","1991-Q4",4.23017173967901
"1066","GB","1992-Q1",4.23396064813597
"1067","GB","1992-Q2",4.25216243544458
"1068","GB","1992-Q3",4.2500381648635
"1069","GB","1992-Q4",4.25692560930849
"1070","GB","1993-Q1",4.25745345307899
"1071","GB","1993-Q2",4.27627261799098
"1072","GB","1993-Q3",4.27834194102635
"1073","GB","1993-Q4",4.28040699080512
"1074","GB","1994-Q1",4.28092258761984
"1075","GB","1994-Q2",4.29576041420159
"1076","GB","1994-Q3",4.29525241317467
"1077","GB","1994-Q4",4.29778984158508
"1078","GB","1995-Q1",4.30586661441644
"1079","GB","1995-Q2",4.32034153647602
"1080","GB","1995-Q3",4.32182705296609
"1081","GB","1995-Q4",4.32725514426084
"1082","GB","1996-Q1",4.33265393038009
"1083","GB","1996-Q2",4.34384898524205
"1084","GB","1996-Q3",4.34481657119079
"1085","GB","1996-Q4",4.3510831619561
"1086","GB","1997-Q1",4.3510831619561
"1087","GB","1997-Q2",4.36017195927398
"1088","GB","1997-Q3",4.36397424522372
"1089","GB","1997-Q4",4.36917889383077
"1090","GR","1973-Q2",0.503684513768308
"1091","GR","1973-Q3",0.529660029766507
"1092","GR","1973-Q4",0.665326037593755
"1093","GR","1974-Q1",0.730330776347185
"1094","GR","1974-Q2",0.774782292215534
"1095","GR","1974-Q3",0.778121197881689
"1096","GR","1974-Q4",0.814131822971938
"1097","GR","1975-Q1",0.858164006769928
"1098","GR","1975-Q2",0.894421798041562
"1099","GR","1975-Q3",0.894421798041562
"1100","GR","1975-Q4",0.960442973974152
"1101","GR","1976-Q1",0.987841977797196
"1102","GR","1976-Q2",1.02758234801259
"1103","GR","1976-Q3",1.01713837808728
"1104","GR","1976-Q4",1.06580348963198
"1105","GR","1977-Q1",1.09293197293754
"1106","GR","1977-Q2",1.1404469079685
"1107","GR","1977-Q3",1.1404469079685
"1108","GR","1977-Q4",1.19023100265317
"1109","GR","1978-Q1",1.22066816966955
"1110","GR","1978-Q2",1.26465436635243
"1111","GR","1978-Q3",1.25435560298708
"1112","GR","1978-Q4",1.29889742608116
"1113","GR","1979-Q1",1.36590796024982
"1114","GR","1979-Q2",1.42172809649125
"1115","GR","1979-Q3",1.4408093563433
"1116","GR","1979-Q4",1.50567006153693
"1117","GR","1980-Q1",1.57712903282537
"1118","GR","1980-Q2",1.64662147755023
"1119","GR","1980-Q3",1.65774816923252
"1120","GR","1980-Q4",1.73363283409244
"1121","GR","1981-Q1",1.80774083436136
"1122","GR","1981-Q2",1.86105590055453
"1123","GR","1981-Q3",1.87673373021481
"1124","GR","1981-Q4",1.94750278354703
"1125","GR","1982-Q1",1.99402271869405
"1126","GR","1982-Q2",2.06182915206403
"1127","GR","1982-Q3",2.07284855974052
"1128","GR","1982-Q4",2.12705995002131
"1129","GR","1983-Q1",2.18340099124488
"1130","GR","1983-Q2",2.24291882120341
"1131","GR","1983-Q3",2.25288445221543
"1132","GR","1983-Q4",2.31211728500821
"1133","GR","1984-Q1",2.35641279216427
"1134","GR","1984-Q2",2.41127609608931
"1135","GR","1984-Q3",2.42421289813075
"1136","GR","1984-Q4",2.47740032828386
"1137","GR","1985-Q1",2.52616151188155
"1138","GR","1985-Q2",2.57099126021197
"1139","GR","1985-Q3",2.59131583263547
"1140","GR","1985-Q4",2.68420093587553
"1141","GR","1986-Q1",2.74616561119336
"1142","GR","1986-Q2",2.79035413293983
"1143","GR","1986-Q3",2.80539202780765
"1144","GR","1986-Q4",2.86255050582626
"1145","GR","1987-Q1",2.89838499723998
"1146","GR","1987-Q2",2.95400895794087
"1147","GR","1987-Q3",2.95400895794087
"1148","GR","1987-Q4",3.00598311521863
"1149","GR","1988-Q1",3.02554626854968
"1150","GR","1988-Q2",3.07132926424311
"1151","GR","1988-Q3",3.08503026803295
"1152","GR","1988-Q4",3.13771661850789
"1153","GR","1989-Q1",3.15503061417756
"1154","GR","1989-Q2",3.19407375472163
"1155","GR","1989-Q3",3.2140916382873
"1156","GR","1989-Q4",3.2682919718444
"1157","GR","1990-Q1",3.30503069596988
"1158","GR","1990-Q2",3.37402661259116
"1159","GR","1990-Q3",3.41335969028849
"1160","GR","1990-Q4",3.47824871257072
"1161","GR","1991-Q1",3.50168673781903
"1162","GR","1991-Q2",3.55844242079662
"1163","GR","1991-Q3",3.58167692147449
"1164","GR","1991-Q4",3.6427310202592
"1165","GR","1992-Q1",3.66915414152541
"1166","GR","1992-Q2",3.70398190771825
"1167","GR","1992-Q3",3.71914299097797
"1168","GR","1992-Q4",3.78336200851424
"1169","GR","1993-Q1",3.81019348360949
"1170","GR","1993-Q2",3.85361371644663
"1171","GR","1993-Q3",3.85335078677745
"1172","GR","1993-Q4",3.89849947795343
"1173","GR","1994-Q1",3.91353231210473
"1174","GR","1994-Q2",3.95293382421144
"1175","GR","1994-Q3",3.96372532492529
"1176","GR","1994-Q4",3.99848261657135
"1177","GR","1995-Q1",4.01042989372873
"1178","GR","1995-Q2",4.04378304003587
"1179","GR","1995-Q3",4.0433606064864
"1180","GR","1995-Q4",4.07422353148651
"1181","GR","1996-Q1",4.09252067021409
"1182","GR","1996-Q2",4.12649572831224
"1183","GR","1996-Q3",4.12069503010281
"1184","GR","1996-Q4",4.14738032173308
"1185","GR","1997-Q1",4.15487989459693
"1186","GR","1997-Q2",4.18101232202098
"1187","GR","1997-Q3",4.1723410677037
"1188","GR","1997-Q4",4.19473526101161
"1189","IE","1973-Q2",2.35462435908647
"1190","IE","1973-Q3",2.3778272561663
"1191","IE","1973-Q4",2.40497824523241
"1192","IE","1974-Q1",2.45109233434082
"1193","IE","1974-Q2",2.50503133403827
"1194","IE","1974-Q3",2.54240827827341
"1195","IE","1974-Q4",2.58751236447376
"1196","IE","1975-Q1",2.66468985795186
"1197","IE","1975-Q2",2.72389569071759
"1198","IE","1975-Q3",2.71598315234434
"1199","IE","1975-Q4",2.74321740018765
"1200","IE","1976-Q1",2.8136758638269
"1201","IE","1976-Q2",2.87116319608431
"1202","IE","1976-Q3",2.88778397014153
"1203","IE","1976-Q4",2.9308010859619
"1204","IE","1977-Q1",2.96698106197118
"1205","IE","1977-Q2",3.00189710591955
"1206","IE","1977-Q3",3.01165322043758
"1207","IE","1977-Q4",3.03088496881257
"1208","IE","1978-Q1",3.04506951155054
"1209","IE","1978-Q2",3.06367458034417
"1210","IE","1978-Q3",3.09094882771469
"1211","IE","1978-Q4",3.10872743116093
"1212","IE","1979-Q1",3.14760896984683
"1213","IE","1979-Q2",3.18094561795932
"1214","IE","1979-Q3",3.22111140359786
"1215","IE","1979-Q4",3.25593135724217
"1216","IE","1980-Q1",3.2932488844617
"1217","IE","1980-Q2",3.36394963612291
"1218","IE","1980-Q3",3.39088748021315
"1219","IE","1980-Q4",3.42356992419002
"1220","IE","1981-Q1",3.48286995514235
"1221","IE","1981-Q2",3.52150750480382
"1222","IE","1981-Q3",3.57542123793405
"1223","IE","1981-Q4",3.6318122312615
"1224","IE","1982-Q1",3.65503893598821
"1225","IE","1982-Q2",3.71205578228228
"1226","IE","1982-Q3",3.73351058198657
"1227","IE","1982-Q4",3.7479020074209
"1228","IE","1983-Q1",3.77205369702948
"1229","IE","1983-Q2",3.80009293037198
"1230","IE","1983-Q3",3.82736736085523
"1231","IE","1983-Q4",3.84734583677391
"1232","IE","1984-Q1",3.87123406246223
"1233","IE","1984-Q2",3.89246629170418
"1234","IE","1984-Q3",3.90499255682309
"1235","IE","1984-Q4",3.91119733631067
"1236","IE","1985-Q1",3.92958397017367
"1237","IE","1985-Q2",3.9436545598024
"1238","IE","1985-Q3",3.95752991186985
"1239","IE","1985-Q4",3.95949648162564
"1240","IE","1986-Q1",3.97509134574437
"1241","IE","1986-Q2",3.98662993979779
"1242","IE","1986-Q3",3.98854016079338
"1243","IE","1986-Q4",3.99044673980062
"1244","IE","1987-Q1",4.00931523132013
"1245","IE","1987-Q2",4.01490704669815
"1246","IE","1987-Q3",4.02046776747165
"1247","IE","1987-Q4",4.02046776747165
"1248","IE","1988-Q1",4.02783428603772
"1249","IE","1988-Q2",4.03332378035813
"1250","IE","1988-Q3",4.04059654236698
"1251","IE","1988-Q4",4.04781679298168
"1252","IE","1989-Q1",4.0603281314026
"1253","IE","1989-Q2",4.0709289411849
"1254","IE","1989-Q3",4.08489060289396
"1255","IE","1989-Q4",4.09351878864335
"1256","IE","1990-Q1",4.10207316518896
"1257","IE","1990-Q2",4.10547453077088
"1258","IE","1990-Q3",4.1139276708262
"1259","IE","1990-Q4",4.11896546742779
"1260","IE","1991-Q1",4.1273058035731
"1261","IE","1991-Q2",4.13557715348321
"1262","IE","1991-Q3",4.14867063674463
"1263","IE","1991-Q4",4.15515364481676
"1264","IE","1992-Q1",4.16319874443658
"1265","IE","1992-Q2",4.17117963664002
"1266","IE","1992-Q3",4.17593777638048
"1267","IE","1992-Q4",4.17751880513764
"1268","IE","1993-Q1",4.1822469485988
"1269","IE","1993-Q2",4.18067338339868
"1270","IE","1993-Q3",4.19007784590759
"1271","IE","1993-Q4",4.19319311469959
"1272","IE","1994-Q1",4.19939468788563
"1273","IE","1994-Q2",4.2070929589144
"1274","IE","1994-Q3",4.21473241902054
"1275","IE","1994-Q4",4.21625333256441
"1276","IE","1995-Q1",4.22382339490896
"1277","IE","1995-Q2",4.23432612189836
"1278","IE","1995-Q3",4.23879374118053
"1279","IE","1995-Q4",4.24027852311826
"1280","IE","1996-Q1",4.24471968711681
"1281","IE","1996-Q2",4.24914121435563
"1282","IE","1996-Q3",4.25354327771981
"1283","IE","1996-Q4",4.25938271296275
"1284","IE","1997-Q1",4.25938271296275
"1285","IE","1997-Q2",4.26526508286581
"1286","IE","1997-Q3",4.2672182084867
"1287","IE","1997-Q4",4.27547669603601
"1288","IT","1973-Q2",2.00481964039492
"1289","IT","1973-Q3",2.02759095197791
"1290","IT","1973-Q4",2.05404054385567
"1291","IT","1974-Q1",2.10616882800957
"1292","IT","1974-Q2",2.15665654557954
"1293","IT","1974-Q3",2.21476987525119
"1294","IT","1974-Q4",2.27472741730718
"1295","IT","1975-Q1",2.30949386217773
"1296","IT","1975-Q2",2.33642275007186
"1297","IT","1975-Q3",2.35533359695689
"1298","IT","1975-Q4",2.38389066923639
"1299","IT","1976-Q1",2.42471279593674
"1300","IT","1976-Q2",2.48603655836143
"1301","IT","1976-Q3",2.51361414722581
"1302","IT","1976-Q4",2.57148254366229
"1303","IT","1977-Q1",2.60912299463865
"1304","IT","1977-Q2",2.64643102277124
"1305","IT","1977-Q3",2.67148929951508
"1306","IT","1977-Q4",2.70440590585504
"1307","IT","1978-Q1",2.73019309983947
"1308","IT","1978-Q2",2.76049050607399
"1309","IT","1978-Q3",2.78413471571712
"1310","IT","1978-Q4",2.81383977614838
"1311","IT","1979-Q1",2.85165249128885
"1312","IT","1979-Q2",2.88786058877662
"1313","IT","1979-Q3",2.92214729356007
"1314","IT","1979-Q4",2.97666345703231
"1315","IT","1980-Q1",3.03932206379931
"1316","IT","1980-Q2",3.07770381572587
"1317","IT","1980-Q3",3.11934985747088
"1318","IT","1980-Q4",3.16632658700311
"1319","IT","1981-Q1",3.20775101592044
"1320","IT","1981-Q2",3.25093587856024
"1321","IT","1981-Q3",3.28039978758682
"1322","IT","1981-Q4",3.32543392981885
"1323","IT","1982-Q1",3.36494216665944
"1324","IT","1982-Q2",3.39476486707629
"1325","IT","1982-Q3",3.43502898627191
"1326","IT","1982-Q4",3.47992775049049
"1327","IT","1983-Q1",3.5145378540338
"1328","IT","1983-Q2",3.54306458484512
"1329","IT","1983-Q3",3.56577595736468
"1330","IT","1983-Q4",3.59981745220364
"1331","IT","1984-Q1",3.62860784362445
"1332","IT","1984-Q2",3.65101951990333
"1333","IT","1984-Q3",3.66536966408968
"1334","IT","1984-Q4",3.68920937073954
"1335","IT","1985-Q1",3.71786740703372
"1336","IT","1985-Q2",3.74126224748946
"1337","IT","1985-Q3",3.75292329398034
"1338","IT","1985-Q4",3.77454933262593
"1339","IT","1986-Q1",3.78998863604394
"1340","IT","1986-Q2",3.80015072657666
"1341","IT","1986-Q3",3.80582182033837
"1342","IT","1986-Q4",3.81768948330878
"1343","IT","1987-Q1",3.83186983533029
"1344","IT","1987-Q2",3.84343411808518
"1345","IT","1987-Q3",3.85366899102677
"1346","IT","1987-Q4",3.87000680887898
"1347","IT","1988-Q1",3.8820145374873
"1348","IT","1988-Q2",3.89244035124655
"1349","IT","1988-Q3",3.90218819352574
"1350","IT","1988-Q4",3.91972257472752
"1351","IT","1989-Q1",3.93888175521501
"1352","IT","1989-Q2",3.9549781072356
"1353","IT","1989-Q3",3.96413770974101
"1354","IT","1989-Q4",3.98115488289437
"1355","IT","1990-Q1",4.00151047472555
"1356","IT","1990-Q2",4.01408922415665
"1357","IT","1990-Q3",4.02751910779673
"1358","IT","1990-Q4",4.04622052536668
"1359","IT","1991-Q1",4.06297432427028
"1360","IT","1991-Q2",4.07727617630849
"1361","IT","1991-Q3",4.08888410571762
"1362","IT","1991-Q4",4.1028227558754
"1363","IT","1992-Q1",4.11838842442405
"1364","IT","1992-Q2",4.13072869578472
"1365","IT","1992-Q3",4.13817921825023
"1366","IT","1992-Q4",4.15027912374769
"1367","IT","1993-Q1",4.16310353908576
"1368","IT","1993-Q2",4.17519351718782
"1369","IT","1993-Q3",4.18515800214523
"1370","IT","1993-Q4",4.19502417496655
"1371","IT","1994-Q1",4.20590449867717
"1372","IT","1994-Q2",4.21501934409392
"1373","IT","1994-Q3",4.22268847368349
"1374","IT","1994-Q4",4.2338132220855
"1375","IT","1995-Q1",4.24854498846633
"1376","IT","1995-Q2",4.26698600657334
"1377","IT","1995-Q3",4.27763131774698
"1378","IT","1995-Q4",4.28816449888205
"1379","IT","1996-Q1",4.29901307954974
"1380","IT","1996-Q2",4.30996680622515
"1381","IT","1996-Q3",4.31252679838973
"1382","IT","1996-Q4",4.31730919108373
"1383","IT","1997-Q1",4.32365039125914
"1384","IT","1997-Q2",4.32869456724233
"1385","IT","1997-Q3",4.33057957508504
"1386","IT","1997-Q4",4.33683739512626
"1387","JP","1973-Q2",3.69120774387353
"1388","JP","1973-Q3",3.72090869668621
"1389","JP","1973-Q4",3.76266670785567
"1390","JP","1974-Q1",3.85161419387217
"1391","JP","1974-Q2",3.89609785487839
"1392","JP","1974-Q3",3.93193904470702
"1393","JP","1974-Q4",3.97370845758331
"1394","JP","1975-Q1",3.99363840043126
"1395","JP","1975-Q2",4.02064161100553
"1396","JP","1975-Q3",4.03050605597644
"1397","JP","1975-Q4",4.05534829077103
"1398","JP","1976-Q1",4.07900403606783
"1399","JP","1976-Q2",4.11007673154303
"1400","JP","1976-Q3",4.12246427733506
"1401","JP","1976-Q4",4.14678830685015
"1402","JP","1977-Q1",4.16893341921317
"1403","JP","1977-Q2",4.19581250776442
"1404","JP","1977-Q3",4.19892777508136
"1405","JP","1977-Q4",4.2092424616832
"1406","JP","1978-Q1",4.21436018012018
"1407","JP","1978-Q2",4.23507322171772
"1408","JP","1978-Q3",4.24254523655642
"1409","JP","1978-Q4",4.24601316175605
"1410","JP","1979-Q1",4.24403296308919
"1411","JP","1979-Q2",4.26754041185522
"1412","JP","1979-Q3",4.27717439773635
"1413","JP","1979-Q4",4.29428508134956
"1414","JP","1980-Q1",4.31388440214201
"1415","JP","1980-Q2",4.34527201401579
"1416","JP","1980-Q3",4.35551937479359
"1417","JP","1980-Q4",4.36785433295154
"1418","JP","1981-Q1",4.37700671760639
"1419","JP","1981-Q2",4.39335820068343
"1420","JP","1981-Q3",4.39634136931384
"1421","JP","1981-Q4",4.40818583942636
"1422","JP","1982-Q1",4.40818583942636
"1423","JP","1982-Q2",4.41864399791211
"1424","JP","1982-Q3",4.42362532826231
"1425","JP","1982-Q4",4.43269381580084
"1426","JP","1983-Q1",4.42940569117781
"1427","JP","1983-Q2",4.44127405230162
"1428","JP","1983-Q3",4.43842214570375
"1429","JP","1983-Q4",4.44937782436472
"1430","JP","1984-Q1",4.45300320597904
"1431","JP","1984-Q2",4.46141166392845
"1432","JP","1984-Q3",4.46101286033393
"1433","JP","1984-Q4",4.47251407773275
"1434","JP","1985-Q1",4.47409012218822
"1435","JP","1985-Q2",4.48232384837516
"1436","JP","1985-Q3",4.48388451978051
"1437","JP","1985-Q4",4.48816384939988
"1438","JP","1986-Q1",4.48893994567477
"1439","JP","1986-Q2",4.49126462707813
"1440","JP","1986-Q3",4.48622096944153
"1441","JP","1986-Q4",4.4858319400649
"1442","JP","1987-Q1",4.48036957767306
"1443","JP","1987-Q2",4.49281141779643
"1444","JP","1987-Q3",4.49087755527148
"1445","JP","1987-Q4",4.49319774192717
"1446","JP","1988-Q1",4.48816384939988
"1447","JP","1988-Q2",4.49512712705202
"1448","JP","1988-Q3",4.49666795940618
"1449","JP","1988-Q4",4.50433670864548
"1450","JP","1989-Q1",4.4985906671702
"1451","JP","1989-Q2",4.52175479383592
"1452","JP","1989-Q3",4.52362991158016
"1453","JP","1989-Q4",4.52997913925882
"1454","JP","1990-Q1",4.53369523420783
"1455","JP","1990-Q2",4.54695998286632
"1456","JP","1990-Q3",4.54951893143871
"1457","JP","1990-Q4",4.56509613465902
"1458","JP","1991-Q1",4.57011586552934
"1459","JP","1991-Q2",4.58043440575618
"1460","JP","1991-Q3",4.58043440575618
"1461","JP","1991-Q4",4.59239795449795
"1462","JP","1992-Q1",4.58924503543833
"1463","JP","1992-Q2",4.60318254328211
"1464","JP","1992-Q3",4.59832648101657
"1465","JP","1992-Q4",4.60249026218835
"1466","JP","1993-Q1",4.60214394183857
"1467","JP","1993-Q2",4.61145274893078
"1468","JP","1993-Q3",4.61590404886752
"1469","JP","1993-Q4",4.61316713302975
"1470","JP","1994-Q1",4.61453652728689
"1471","JP","1994-Q2",4.61863349443783
"1472","JP","1994-Q3",4.61590404886752
"1473","JP","1994-Q4",4.62135551040911
"1474","JP","1995-Q1",4.61590404886752
"1475","JP","1995-Q2",4.61829272087856
"1476","JP","1995-Q3",4.61590404886752
"1477","JP","1995-Q4",4.61522052184159
"1478","JP","1996-Q1",4.61248173204335
"1479","JP","1996-Q2",4.61965511890946
"1480","JP","1996-Q3",4.61795183115309
"1481","JP","1996-Q4",4.62067570072963
"1482","JP","1997-Q1",4.61829272087856
"1483","JP","1997-Q2",4.63987144083818
"1484","JP","1997-Q3",4.63953782949229
"1485","JP","1997-Q4",4.64220360914494
"1486","NL","1973-Q2",3.44206475169855
"1487","NL","1973-Q3",3.45002056021221
"1488","NL","1973-Q4",3.47301585774514
"1489","NL","1974-Q1",3.49671504319892
"1490","NL","1974-Q2",3.52675436297736
"1491","NL","1974-Q3",3.54412171303077
"1492","NL","1974-Q4",3.57617565473007
"1493","NL","1975-Q1",3.59735585814245
"1494","NL","1975-Q2",3.62477269577712
"1495","NL","1975-Q3",3.64432709730787
"1496","NL","1975-Q4",3.66680448985623
"1497","NL","1976-Q1",3.68528935120912
"1498","NL","1976-Q2",3.71599791596274
"1499","NL","1976-Q3",3.72353002840089
"1500","NL","1976-Q4",3.7472582261081
"1501","NL","1977-Q1",3.75601322215058
"1502","NL","1977-Q2",3.78041046980795
"1503","NL","1977-Q3",3.78653539495615
"1504","NL","1977-Q4",3.79774532401426
"1505","NL","1978-Q1",3.80099119242221
"1506","NL","1978-Q2",3.81524107429075
"1507","NL","1978-Q3",3.82839016441204
"1508","NL","1978-Q4",3.83735883368821
"1509","NL","1979-Q1",3.8418132227305
"1510","NL","1979-Q2",3.85637326848051
"1511","NL","1979-Q3",3.8659636611131
"1512","NL","1979-Q4",3.88231506016291
"1513","NL","1980-Q1",3.89840360815765
"1514","NL","1980-Q2",3.91918569674113
"1515","NL","1980-Q3",3.93429102390719
"1516","NL","1980-Q4",3.94677367833298
"1517","NL","1981-Q1",3.96304703958814
"1518","NL","1981-Q2",3.98138188427394
"1519","NL","1981-Q3",3.9982469949501
"1520","NL","1981-Q4",4.01669981502195
"1521","NL","1982-Q1",4.03077926329306
"1522","NL","1982-Q2",4.04321091160423
"1523","NL","1982-Q3",4.0540530523573
"1524","NL","1982-Q4",4.06157329633026
"1525","NL","1983-Q1",4.06192999640468
"1526","NL","1983-Q2",4.0686831102302
"1527","NL","1983-Q3",4.07855279483563
"1528","NL","1983-Q4",4.08867330554221
"1529","NL","1984-Q1",4.09766053313129
"1530","NL","1984-Q2",4.10520262949426
"1531","NL","1984-Q3",4.10724973078537
"1532","NL","1984-Q4",4.1177599959063
"1533","NL","1985-Q1",4.12079077877961
"1534","NL","1985-Q2",4.13082775195695
"1535","NL","1985-Q3",4.13016174549973
"1536","NL","1985-Q4",4.13547730212702
"1537","NL","1986-Q1",4.1308276934727
"1538","NL","1986-Q2",4.13315522932915
"1539","NL","1986-Q3",4.12515256684388
"1540","NL","1986-Q4",4.13149325669943
"1541","NL","1987-Q1",4.11877129756592
"1542","NL","1987-Q2",4.1217990806005
"1543","NL","1987-Q3",4.12448276866143
"1544","NL","1987-Q4",4.12782728227211
"1545","NL","1988-Q1",4.12247061914715
"1546","NL","1988-Q2",4.12882845901388
"1547","NL","1988-Q3",4.13348729265362
"1548","NL","1988-Q4",4.13746341742393
"1549","NL","1989-Q1",4.13082775195695
"1550","NL","1989-Q2",4.13911550553705
"1551","NL","1989-Q3",4.14504052489171
"1552","NL","1989-Q4",4.150277725844
"1553","NL","1990-Q1",4.15321179617862
"1554","NL","1990-Q2",4.16131689532762
"1555","NL","1990-Q3",4.1696770886405
"1556","NL","1990-Q4",4.17796791240593
"1557","NL","1991-Q1",4.18071581456467
"1558","NL","1991-Q2",4.18856661920716
"1559","NL","1991-Q3",4.20376497386343
"1560","NL","1991-Q4",4.21334667368399
"1561","NL","1992-Q1",4.21652029755831
"1562","NL","1992-Q2",4.22598118168141
"1563","NL","1992-Q3",4.2319269808605
"1564","NL","1992-Q4",4.23752749614215
"1565","NL","1993-Q1",4.24124378821133
"1566","NL","1993-Q2",4.24924879019663
"1567","NL","1993-Q3",4.25931756446439
"1568","NL","1993-Q4",4.26416313002254
"1569","NL","1994-Q1",4.27048741794496
"1570","NL","1994-Q2",4.27796470742901
"1571","NL","1994-Q3",4.28568220079583
"1572","NL","1994-Q4",4.29040193134744
"1573","NL","1995-Q1",4.2942204023548
"1574","NL","1995-Q2",4.2994836244138
"1575","NL","1995-Q3",4.30152296143946
"1576","NL","1995-Q4",4.30558925015859
"1577","NL","1996-Q1",4.313424926539
"1578","NL","1996-Q2",4.32080360079308
"1579","NL","1996-Q3",4.32177043834301
"1580","NL","1996-Q4",4.3284642583337
"1581","NL","1997-Q1",4.33234440978517
"1582","NL","1997-Q2",4.33911052889385
"1583","NL","1997-Q3",4.34469845838408
"1584","NL","1997-Q4",4.35175697905527
"1585","NO","1973-Q2",2.83274481782881
"1586","NO","1973-Q3",2.84488476194148
"1587","NO","1973-Q4",2.86578105648022
"1588","NO","1974-Q1",2.89776051489263
"1589","NO","1974-Q2",2.91618772247843
"1590","NO","1974-Q3",2.93703627215741
"1591","NO","1974-Q4",2.96149391923324
"1592","NO","1975-Q1",3.00226234943181
"1593","NO","1975-Q2",3.02519337745245
"1594","NO","1975-Q3",3.05497219222804
"1595","NO","1975-Q4",3.07194230464694
"1596","NO","1976-Q1",3.09452188598602
"1597","NO","1976-Q2",3.12233359149204
"1598","NO","1976-Q3",3.14157578283373
"1599","NO","1976-Q4",3.14716556061581
"1600","NO","1977-Q1",3.18006324197377
"1601","NO","1977-Q2",3.20667479151513
"1602","NO","1977-Q3",3.22952105314359
"1603","NO","1977-Q4",3.23770090030947
"1604","NO","1978-Q1",3.26680495081008
"1605","NO","1978-Q2",3.28250691242346
"1606","NO","1978-Q3",3.30370230532221
"1607","NO","1978-Q4",3.31507688041923
"1608","NO","1979-Q1",3.31713490220585
"1609","NO","1979-Q2",3.32887672008253
"1610","NO","1979-Q3",3.34176349635889
"1611","NO","1979-Q4",3.35701156815405
"1612","NO","1980-Q1",3.39171145597163
"1613","NO","1980-Q2",3.42642469600356
"1614","NO","1980-Q3",3.45769533889138
"1615","NO","1980-Q4",3.480244208578
"1616","NO","1981-Q1",3.52919362109556
"1617","NO","1981-Q2",3.55745295840997
"1618","NO","1981-Q3",3.5849356041038
"1619","NO","1981-Q4",3.59691179515051
"1620","NO","1982-Q1",3.64153607562051
"1621","NO","1982-Q2",3.66219408724093
"1622","NO","1982-Q3",3.68788357335624
"1623","NO","1982-Q4",3.70672666115772
"1624","NO","1983-Q1",3.73477407371288
"1625","NO","1983-Q2",3.74936034690724
"1626","NO","1983-Q3",3.76289693262477
"1627","NO","1983-Q4",3.77708156761673
"1628","NO","1984-Q1",3.79595779488566
"1629","NO","1984-Q2",3.81208717681555
"1630","NO","1984-Q3",3.82243346886969
"1631","NO","1984-Q4",3.83502214809804
"1632","NO","1985-Q1",3.85130788996883
"1633","NO","1985-Q2",3.86808936693083
"1634","NO","1985-Q3",3.87862370061579
"1635","NO","1985-Q4",3.8897886844794
"1636","NO","1986-Q1",3.90739735661987
"1637","NO","1986-Q2",3.92684341411373
"1638","NO","1986-Q3",3.95566790529307
"1639","NO","1986-Q4",3.97420602629198
"1640","NO","1987-Q1",4.00237690325868
"1641","NO","1987-Q2",4.01942649658479
"1642","NO","1987-Q3",4.0317045183532
"1643","NO","1987-Q4",4.04573536077484
"1644","NO","1988-Q1",4.07075230019684
"1645","NO","1988-Q2",4.08729172775622
"1646","NO","1988-Q3",4.09576122786979
"1647","NO","1988-Q4",4.10415959756862
"1648","NO","1989-Q1",4.11662636633375
"1649","NO","1989-Q2",4.13301058304713
"1650","NO","1989-Q3",4.13995103890016
"1651","NO","1989-Q4",4.14627108291875
"1652","NO","1990-Q1",4.15935804067898
"1653","NO","1990-Q2",4.17060043002792
"1654","NO","1990-Q3",4.17728569169516
"1655","NO","1990-Q4",4.19052361253579
"1656","NO","1991-Q1",4.19762164943483
"1657","NO","1991-Q2",4.20790590787191
"1658","NO","1991-Q3",4.21166834176474
"1659","NO","1991-Q4",4.21595100355674
"1660","NO","1992-Q1",4.22074717582023
"1661","NO","1992-Q2",4.23184958962454
"1662","NO","1992-Q3",4.23447495211962
"1663","NO","1992-Q4",4.2381389185321
"1664","NO","1993-Q1",4.24646362841813
"1665","NO","1993-Q2",4.25574683072168
"1666","NO","1993-Q3",4.25574683072168
"1667","NO","1993-Q4",4.25779811349224
"1668","NO","1994-Q1",4.25882217912193
"1669","NO","1994-Q2",4.26545316490826
"1670","NO","1994-Q3",4.27102985870186
"1671","NO","1994-Q4",4.27506619112432
"1672","NO","1995-Q1",4.28508631504108
"1673","NO","1995-Q2",4.29204113691445
"1674","NO","1995-Q3",4.29401937692656
"1675","NO","1995-Q4",4.29648668634501
"1676","NO","1996-Q1",4.29401937692656
"1677","NO","1996-Q2",4.30189343335746
"1678","NO","1996-Q3",4.30775855280986
"1679","NO","1996-Q4",4.31407385191433
"1680","NO","1997-Q1",4.32419198207992
"1681","NO","1997-Q2",4.32849717887544
"1682","NO","1997-Q3",4.33040466633983
"1683","NO","1997-Q4",4.33610539436752
"1684","NZ","1973-Q2",2.21213941945047
"1685","NZ","1973-Q3",2.23493075040845
"1686","NZ","1973-Q4",2.2584044713044
"1687","NZ","1974-Q1",2.28308262181645
"1688","NZ","1974-Q2",2.30716639979314
"1689","NZ","1974-Q3",2.34387798133949
"1690","NZ","1974-Q4",2.37665021649829
"1691","NZ","1975-Q1",2.40717981035476
"1692","NZ","1975-Q2",2.44617621643941
"1693","NZ","1975-Q3",2.48191091826692
"1694","NZ","1975-Q4",2.52248104236384
"1695","NZ","1976-Q1",2.56561658882035
"1696","NZ","1976-Q2",2.60934767400962
"1697","NZ","1976-Q3",2.64055178421082
"1698","NZ","1976-Q4",2.66782609977938
"1699","NZ","1977-Q1",2.69364806683778
"1700","NZ","1977-Q2",2.74059832594606
"1701","NZ","1977-Q3",2.77542664456298
"1702","NZ","1977-Q4",2.81037853326457
"1703","NZ","1978-Q1",2.83018169445851
"1704","NZ","1978-Q2",2.85630767257055
"1705","NZ","1978-Q3",2.88083736394133
"1706","NZ","1978-Q4",2.90659759669435
"1707","NZ","1979-Q1",2.92905027884953
"1708","NZ","1979-Q2",2.97334773225191
"1709","NZ","1979-Q3",3.02225936298476
"1710","NZ","1979-Q4",3.05957972397658
"1711","NZ","1980-Q1",3.09781070050883
"1712","NZ","1980-Q2",3.13824263841211
"1713","NZ","1980-Q3",3.17363205026661
"1714","NZ","1980-Q4",3.20915469333638
"1715","NZ","1981-Q1",3.23968389361575
"1716","NZ","1981-Q2",3.27868082583601
"1717","NZ","1981-Q3",3.31711214132121
"1718","NZ","1981-Q4",3.35498544318629
"1719","NZ","1982-Q1",3.38646381506959
"1720","NZ","1982-Q2",3.43549328696259
"1721","NZ","1982-Q3",3.47074952744224
"1722","NZ","1982-Q4",3.49733695690724
"1723","NZ","1983-Q1",3.50554889031017
"1724","NZ","1983-Q2",3.5151680513443
"1725","NZ","1983-Q3",3.52323543857072
"1726","NZ","1983-Q4",3.53268643738774
"1727","NZ","1984-Q1",3.53966224232731
"1728","NZ","1984-Q2",3.56127413212985
"1729","NZ","1984-Q3",3.59095542461922
"1730","NZ","1984-Q4",3.6225273990459
"1731","NZ","1985-Q1",3.66546774122695
"1732","NZ","1985-Q2",3.71500804793423
"1733","NZ","1985-Q3",3.74213677744524
"1734","NZ","1985-Q4",3.76459170690828
"1735","NZ","1986-Q1",3.78732880326827
"1736","NZ","1986-Q2",3.81409903678535
"1737","NZ","1986-Q3",3.84676719548452
"1738","NZ","1986-Q4",3.93213350799593
"1739","NZ","1987-Q1",3.95533661245341
"1740","NZ","1987-Q2",3.98757657125399
"1741","NZ","1987-Q3",4.00331506700647
"1742","NZ","1987-Q4",4.02371767344209
"1743","NZ","1988-Q1",4.04130982629803
"1744","NZ","1988-Q2",4.0490965926231
"1745","NZ","1988-Q3",4.05800657615575
"1746","NZ","1988-Q4",4.0697645795125
"1747","NZ","1989-Q1",4.08070452943238
"1748","NZ","1989-Q2",4.09250405339973
"1749","NZ","1989-Q3",4.12708956728065
"1750","NZ","1989-Q4",4.13929068717488
"1751","NZ","1990-Q1",4.14857584460281
"1752","NZ","1990-Q2",4.16598345831108
"1753","NZ","1990-Q3",4.17592480517466
"1754","NZ","1990-Q4",4.18665833970442
"1755","NZ","1991-Q1",4.19286674548063
"1756","NZ","1991-Q2",4.19375049868199
"1757","NZ","1991-Q3",4.19727788786459
"1758","NZ","1991-Q4",4.19639724788374
"1759","NZ","1992-Q1",4.20079287829516
"1760","NZ","1992-Q2",4.20342091303735
"1761","NZ","1992-Q3",4.20691441453732
"1762","NZ","1992-Q4",4.20952659564662
"1763","NZ","1993-Q1",4.21039575396048
"1764","NZ","1993-Q2",4.21645896419771
"1765","NZ","1993-Q3",4.2216269242875
"1766","NZ","1993-Q4",4.22334360568683
"1767","NZ","1994-Q1",4.22334360568683
"1768","NZ","1994-Q2",4.22733573258258
"1769","NZ","1994-Q3",4.23921705413013
"1770","NZ","1994-Q4",4.25095886581562
"1771","NZ","1995-Q1",4.2625644058876
"1772","NZ","1995-Q2",4.27213395461011
"1773","NZ","1995-Q3",4.2740368011395
"1774","NZ","1995-Q4",4.27972401735519
"1775","NZ","1996-Q1",4.28443875553676
"1776","NZ","1996-Q2",4.29193649435953
"1777","NZ","1996-Q3",4.297523098125
"1778","NZ","1996-Q4",4.30492373273459
"1779","NZ","1997-Q1",4.30215485304597
"1780","NZ","1997-Q2",4.30307866505904
"1781","NZ","1997-Q3",4.30768481830896
"1782","NZ","1997-Q4",4.31318437115865
"1783","PT","1973-Q2",0.915953621542908
"1784","PT","1973-Q3",0.946772244581715
"1785","PT","1973-Q4",1.00763014509826
"1786","PT","1974-Q1",1.10451081253247
"1787","PT","1974-Q2",1.14628283495954
"1788","PT","1974-Q3",1.19884792928888
"1789","PT","1974-Q4",1.20728370085299
"1790","PT","1975-Q1",1.25717169871472
"1791","PT","1975-Q2",1.28782761930237
"1792","PT","1975-Q3",1.32138216583513
"1793","PT","1975-Q4",1.35956976315679
"1794","PT","1976-Q1",1.44772897520369
"1795","PT","1976-Q2",1.39707882823275
"1796","PT","1976-Q3",1.5291962504838
"1797","PT","1976-Q4",1.60898037800955
"1798","PT","1977-Q1",1.68044213257475
"1799","PT","1977-Q2",1.7771525235409
"1800","PT","1977-Q3",1.78790403076348
"1801","PT","1977-Q4",1.8255079249924
"1802","PT","1978-Q1",1.87119533144235
"1803","PT","1978-Q2",1.94513930195569
"1804","PT","1978-Q3",1.98015709505835
"1805","PT","1978-Q4",2.03675979896457
"1806","PT","1979-Q1",2.07689228401012
"1807","PT","1979-Q2",2.14138352296903
"1808","PT","1979-Q3",2.17699693273402
"1809","PT","1979-Q4",2.23099210560469
"1810","PT","1980-Q1",2.26890477601825
"1811","PT","1980-Q2",2.29289039584757
"1812","PT","1980-Q3",2.31592880625687
"1813","PT","1980-Q4",2.34241446742401
"1814","PT","1981-Q1",2.40513643824728
"1815","PT","1981-Q2",2.44887313100562
"1816","PT","1981-Q3",2.50357951557482
"1817","PT","1981-Q4",2.55484086149814
"1818","PT","1982-Q1",2.62084931604686
"1819","PT","1982-Q2",2.66782359782966
"1820","PT","1982-Q3",2.68913420095082
"1821","PT","1982-Q4",2.72312099020217
"1822","PT","1983-Q1",2.80239567900355
"1823","PT","1983-Q2",2.85001370863541
"1824","PT","1983-Q3",2.91251414805057
"1825","PT","1983-Q4",2.98940229304437
"1826","PT","1984-Q1",3.06532980257886
"1827","PT","1984-Q2",3.11728283325311
"1828","PT","1984-Q3",3.17287563053806
"1829","PT","1984-Q4",3.20263410624269
"1830","PT","1985-Q1",3.28153680999275
"1831","PT","1985-Q2",3.31378983700028
"1832","PT","1985-Q3",3.32467158882856
"1833","PT","1985-Q4",3.3536120294332
"1834","PT","1986-Q1",3.40788502835263
"1835","PT","1986-Q2",3.43061076939616
"1836","PT","1986-Q3",3.43873791744664
"1837","PT","1986-Q4",3.4620846675812
"1838","PT","1987-Q1",3.50295789200905
"1839","PT","1987-Q2",3.52050759372139
"1840","PT","1987-Q3",3.53019879753579
"1841","PT","1987-Q4",3.55367316081637
"1842","PT","1988-Q1",3.5895459866831
"1843","PT","1988-Q2",3.60626894700628
"1844","PT","1988-Q3",3.63116025514341
"1845","PT","1988-Q4",3.66437502268222
"1846","PT","1989-Q1",3.70620960479925
"1847","PT","1989-Q2",3.72985128631623
"1848","PT","1989-Q3",3.75583201635863
"1849","PT","1989-Q4",3.77736736790235
"1850","PT","1990-Q1",3.82785509857328
"1851","PT","1990-Q2",3.85851391222271
"1852","PT","1990-Q3",3.88246214364972
"1853","PT","1990-Q4",3.91111711011966
"1854","PT","1991-Q1",3.95305277831624
"1855","PT","1991-Q2",3.97629694787909
"1856","PT","1991-Q3",3.99265854131779
"1857","PT","1991-Q4",4.00694993503692
"1858","PT","1992-Q1",4.04075180252623
"1859","PT","1992-Q2",4.07308570730664
"1860","PT","1992-Q3",4.08586819754439
"1861","PT","1992-Q4",4.09440847677547
"1862","PT","1993-Q1",4.11865917557601
"1863","PT","1993-Q2",4.13331481296223
"1864","PT","1993-Q3",4.14577633297924
"1865","PT","1993-Q4",4.15928314784573
"1866","PT","1994-Q1",4.17961229816646
"1867","PT","1994-Q2",4.19055702226225
"1868","PT","1994-Q3",4.1954633956313
"1869","PT","1994-Q4",4.20285510552354
"1870","PT","1995-Q1",4.22507153231232
"1871","PT","1995-Q2",4.23312962698379
"1872","PT","1995-Q3",4.23498751698664
"1873","PT","1995-Q4",4.24082175550259
"1874","PT","1996-Q1",4.25011771103615
"1875","PT","1996-Q2",4.2647728792005
"1876","PT","1996-Q3",4.26911048139988
"1877","PT","1996-Q4",4.27085316542468
"1878","PT","1997-Q1",4.27940328678688
"1879","PT","1997-Q2",4.28561061918706
"1880","PT","1997-Q3",4.28912861409602
"1881","PT","1997-Q4",4.29319229692719
"1882","SE","1973-Q2",2.80294748579729
"1883","SE","1973-Q3",2.81642891155896
"1884","SE","1973-Q4",2.83944591606949
"1885","SE","1974-Q1",2.87873478583949
"1886","SE","1974-Q2",2.88739608229501
"1887","SE","1974-Q3",2.90415859615452
"1888","SE","1974-Q4",2.95115000725886
"1889","SE","1975-Q1",2.96139804407635
"1890","SE","1975-Q2",2.9831782866823
"1891","SE","1975-Q3",3.01329332766995
"1892","SE","1975-Q4",3.03672853650118
"1893","SE","1976-Q1",3.06480939524856
"1894","SE","1976-Q2",3.08972822255383
"1895","SE","1976-Q3",3.10403011037968
"1896","SE","1976-Q4",3.12695313073774
"1897","SE","1977-Q1",3.15425742991896
"1898","SE","1977-Q2",3.19201509205893
"1899","SE","1977-Q3",3.22502894282071
"1900","SE","1977-Q4",3.24615497754599
"1901","SE","1978-Q1",3.28156792927132
"1902","SE","1978-Q2",3.29579243694009
"1903","SE","1978-Q3",3.30444655900936
"1904","SE","1978-Q4",3.31876382638183
"1905","SE","1979-Q1",3.33801070112617
"1906","SE","1979-Q2",3.35517812310311
"1907","SE","1979-Q3",3.37775499717409
"1908","SE","1979-Q4",3.4071178083147
"1909","SE","1980-Q1",3.46199717826288
"1910","SE","1980-Q2",3.48011814613387
"1911","SE","1980-Q3",3.50453086680376
"1912","SE","1980-Q4",3.54462908524941
"1913","SE","1981-Q1",3.58238473667175
"1914","SE","1981-Q2",3.6034604921313
"1915","SE","1981-Q3",3.6244538845244
"1916","SE","1981-Q4",3.63901009737344
"1917","SE","1982-Q1",3.66882387927492
"1918","SE","1982-Q2",3.68579729438461
"1919","SE","1982-Q3",3.69992938112705
"1920","SE","1982-Q4",3.72444918686852
"1921","SE","1983-Q1",3.75232016569492
"1922","SE","1983-Q2",3.76878418677091
"1923","SE","1983-Q3",3.78822966372395
"1924","SE","1983-Q4",3.80962652903409
"1925","SE","1984-Q1",3.83279638415634
"1926","SE","1984-Q2",3.85128128622168
"1927","SE","1984-Q3",3.8617655162659
"1928","SE","1984-Q4",3.88286382908391
"1929","SE","1985-Q1",3.90977509758629
"1930","SE","1985-Q2",3.92820415931954
"1931","SE","1985-Q3",3.93030556933688
"1932","SE","1985-Q4",3.94529822510591
"1933","SE","1986-Q1",3.96124509773712
"1934","SE","1986-Q2",3.96639338359923
"1935","SE","1986-Q3",3.9709336392378
"1936","SE","1986-Q4",3.98116702707536
"1937","SE","1987-Q1",3.99479269112722
"1938","SE","1987-Q2",3.99971098267888
"1939","SE","1987-Q3",4.01724300257243
"1940","SE","1987-Q4",4.03179780953095
"1941","SE","1988-Q1",4.04475510800014
"1942","SE","1988-Q2",4.06231821489275
"1943","SE","1988-Q3",4.07380164880434
"1944","SE","1988-Q4",4.08903986170359
"1945","SE","1989-Q1",4.1076082042798
"1946","SE","1989-Q2",4.12533957935774
"1947","SE","1989-Q3",4.13460932608157
"1948","SE","1989-Q4",4.15213246476635
"1949","SE","1990-Q1",4.19450931394658
"1950","SE","1990-Q2",4.22079705733349
"1951","SE","1990-Q3",4.24009685812469
"1952","SE","1990-Q4",4.25823641110491
"1953","SE","1991-Q1",4.30157655264639
"1954","SE","1991-Q2",4.31871703829934
"1955","SE","1991-Q3",4.32107703382452
"1956","SE","1991-Q4",4.33411013514924
"1957","SE","1992-Q1",4.33484688985048
"1958","SE","1992-Q2",4.33998902990705
"1959","SE","1992-Q3",4.34250006182515
"1960","SE","1992-Q4",4.35219779897961
"1961","SE","1993-Q1",4.38317759191264
"1962","SE","1993-Q2",4.38847470873134
"1963","SE","1993-Q3",4.38724213578502
"1964","SE","1993-Q4",4.39547151166692
"1965","SE","1994-Q1",4.39944588022029
"1966","SE","1994-Q2",4.40854218114096
"1967","SE","1994-Q3",4.41282576019038
"1968","SE","1994-Q4",4.41889832985547
"1969","SE","1995-Q1",4.42488145733255
"1970","SE","1995-Q2",4.43563220243758
"1971","SE","1995-Q3",4.43567137076347
"1972","SE","1995-Q4",4.44058135360319
"1973","SE","1996-Q1",4.43919025252404
"1974","SE","1996-Q2",4.44348731416041
"1975","SE","1996-Q3",4.43728898748022
"1976","SE","1996-Q4",4.43812286375004
"1977","SE","1997-Q1",4.43734112512361
"1978","SE","1997-Q2",4.44538977175098
"1979","SE","1997-Q3",4.44788207338263
"1980","SE","1997-Q4",4.45366912657031
"1981","US","1973-Q2",3.00233488852597
"1982","US","1973-Q3",3.02411569698737
"1983","US","1973-Q4",3.04688568551135
"1984","US","1974-Q1",3.07481446103636
"1985","US","1974-Q2",3.10267141553933
"1986","US","1974-Q3",3.132443573873
"1987","US","1974-Q4",3.16200237611454
"1988","US","1975-Q1",3.17996308984097
"1989","US","1975-Q2",3.1951053349977
"1990","US","1975-Q3",3.21617178940371
"1991","US","1975-Q4",3.23198720420926
"1992","US","1976-Q1",3.24159688776952
"1993","US","1976-Q2",3.25407106199469
"1994","US","1976-Q3",3.26988398299423
"1995","US","1976-Q4",3.28143812655088
"1996","US","1977-Q1",3.29852282456553
"1997","US","1977-Q2",3.32030531104257
"1998","US","1977-Q3",3.33456775796313
"1999","US","1977-Q4",3.34540210012884
"2000","US","1978-Q1",3.36249653348814
"2001","US","1978-Q2",3.38760245461922
"2002","US","1978-Q3",3.41108490167263
"2003","US","1978-Q4",3.43106558636311
"2004","US","1979-Q1",3.45549279016207
"2005","US","1979-Q2",3.48965170897339
"2006","US","1979-Q3",3.52223086926193
"2007","US","1979-Q4",3.55027633078982
"2008","US","1980-Q1",3.58902418278659
"2009","US","1980-Q2",3.62510522701132
"2010","US","1980-Q3",3.64326919763899
"2011","US","1980-Q4",3.66932673195828
"2012","US","1981-Q1",3.69548206908592
"2013","US","1981-Q2",3.71837667012579
"2014","US","1981-Q3",3.74618673164567
"2015","US","1981-Q4",3.76051875768923
"2016","US","1982-Q1",3.76866760703332
"2017","US","1982-Q2",3.78372655033424
"2018","US","1982-Q3",3.80232212749359
"2019","US","1982-Q4",3.80470754351652
"2020","US","1983-Q1",3.8040265765171
"2021","US","1983-Q2",3.81655000978079
"2022","US","1983-Q3",3.82825387185243
"2023","US","1983-Q4",3.83718989027629
"2024","US","1984-Q1",3.84833024140243
"2025","US","1984-Q2",3.85902553051918
"2026","US","1984-Q3",3.86992656825299
"2027","US","1984-Q4",3.87723398758478
"2028","US","1985-Q1",3.8835451476935
"2029","US","1985-Q2",3.89573851433502
"2030","US","1985-Q3",3.90286038992424
"2031","US","1985-Q4",3.91176845067399
"2032","US","1986-Q1",3.91390683548151
"2033","US","1986-Q2",3.91176845067399
"2034","US","1986-Q3",3.91908109752028
"2035","US","1986-Q4",3.92453070228785
"2036","US","1987-Q1",3.9356402595769
"2037","US","1987-Q2",3.94869295156692
"2038","US","1987-Q3",3.96012164739055
"2039","US","1987-Q4",3.96853603041804
"2040","US","1988-Q1",3.97458530711083
"2041","US","1988-Q2",3.98714254974051
"2042","US","1988-Q3",4.0003840448061
"2043","US","1988-Q4",4.01068623810962
"2044","US","1989-Q1",4.02170563335923
"2045","US","1989-Q2",4.03801034238417
"2046","US","1989-Q3",4.04606407719127
"2047","US","1989-Q4",4.05564371404809
"2048","US","1990-Q1",4.0727112151286
"2049","US","1990-Q2",4.08281361940001
"2050","US","1990-Q3",4.09993426244554
"2051","US","1990-Q4",4.11601905255275
"2052","US","1991-Q1",4.12421276692306
"2053","US","1991-Q2",4.13012994395115
"2054","US","1991-Q3",4.13796543947509
"2055","US","1991-Q4",4.14549797417946
"2056","US","1992-Q1",4.152493540038
"2057","US","1992-Q2",4.16063339824456
"2058","US","1992-Q3",4.16847098734948
"2059","US","1992-Q4",4.17554315261085
"2060","US","1993-Q1",4.18396425500726
"2061","US","1993-Q2",4.1916217932957
"2062","US","1993-Q3",4.19554381931752
"2063","US","1993-Q4",4.20242773819561
"2064","US","1994-Q1",4.20881025359379
"2065","US","1994-Q2",4.21515229070589
"2066","US","1994-Q3",4.22391934697179
"2067","US","1994-Q4",4.22860842556463
"2068","US","1995-Q1",4.23681701297618
"2069","US","1995-Q2",4.24561601387244
"2070","US","1995-Q3",4.24998665020054
"2071","US","1995-Q4",4.25477238915842
"2072","US","1996-Q1",4.2638456853641
"2073","US","1996-Q2",4.27368954829063
"2074","US","1996-Q3",4.27899910732898
"2075","US","1996-Q4",4.28617516176219
"2076","US","1997-Q1",4.2928823761752
"2077","US","1997-Q2",4.29684360307911
"2078","US","1997-Q3",4.30078920055578
"2079","US","1997-Q4",4.30471929145568
