"","country","time","er"
"1","AT","1973-Q2",2.99773027616676
"2","AT","1973-Q3",2.87167962484628
"3","AT","1973-Q4",2.93430003398232
"4","AT","1974-Q1",2.99574894003177
"5","AT","1974-Q2",2.90487715515515
"6","AT","1974-Q3",2.91944500532791
"7","AT","1974-Q4",2.88901899141263
"8","AT","1975-Q1",2.80930228867533
"9","AT","1975-Q2",2.81403052457948
"10","AT","1975-Q3",2.89122324707264
"11","AT","1975-Q4",2.91106360478838
"12","AT","1976-Q1",2.90973856033253
"13","AT","1976-Q2",2.90795696846376
"14","AT","1976-Q3",2.88953807709198
"15","AT","1976-Q4",2.8392149063831
"16","AT","1977-Q1",2.83444787576709
"17","AT","1977-Q2",2.82108122306426
"18","AT","1977-Q3",2.79726100937969
"19","AT","1977-Q4",2.76581583788943
"20","AT","1978-Q1",2.70299299043067
"21","AT","1978-Q2",2.70413142152795
"22","AT","1978-Q3",2.67361977391837
"23","AT","1978-Q4",2.61948610404221
"24","AT","1979-Q1",2.60901531538298
"25","AT","1979-Q2",2.63452325662861
"26","AT","1979-Q3",2.58364528908661
"27","AT","1979-Q4",2.54178570359668
"28","AT","1980-Q1",2.54291346898372
"29","AT","1980-Q2",2.55807966111513
"30","AT","1980-Q3",2.53242616567651
"31","AT","1980-Q4",2.60567288554644
"32","AT","1981-Q1",2.69329746819763
"33","AT","1981-Q2",2.7783222540254
"34","AT","1981-Q3",2.83900048770055
"35","AT","1981-Q4",2.75597226364922
"36","AT","1982-Q1",2.80101419638299
"37","AT","1982-Q2",2.8179404419867
"38","AT","1982-Q3",2.8595879463205
"39","AT","1982-Q4",2.86670500777983
"40","AT","1983-Q1",2.82875242851984
"41","AT","1983-Q2",2.8618960725182
"42","AT","1983-Q3",2.92190631287745
"43","AT","1983-Q4",2.93691955087001
"44","AT","1984-Q1",2.94699710781962
"45","AT","1984-Q2",2.94645449048278
"46","AT","1984-Q3",3.02071752621539
"47","AT","1984-Q4",3.06541379673925
"48","AT","1985-Q1",3.12989888105349
"49","AT","1985-Q2",3.0774658585653
"50","AT","1985-Q3",2.99656525984123
"51","AT","1985-Q4",2.8995700642089
"52","AT","1986-Q1",2.80263284358816
"53","AT","1986-Q2",2.75874331541773
"54","AT","1986-Q3",2.68578186978813
"55","AT","1986-Q4",2.64836153003608
"56","AT","1987-Q1",2.55962752931371
"57","AT","1987-Q2",2.54089308082803
"58","AT","1987-Q3",2.55988527455974
"59","AT","1987-Q4",2.48604489063492
"60","AT","1988-Q1",2.46623338452238
"61","AT","1988-Q2",2.48523992757812
"62","AT","1988-Q3",2.57451880847769
"63","AT","1988-Q4",2.52442112320831
"64","AT","1989-Q1",2.5654876740816
"65","AT","1989-Q2",2.61058436620872
"66","AT","1989-Q3",2.60591903338405
"67","AT","1989-Q4",2.54670705069345
"68","AT","1990-Q1",2.47684647590656
"69","AT","1990-Q2",2.46866434368658
"70","AT","1990-Q3",2.41698463330254
"71","AT","1990-Q4",2.35678914700756
"72","AT","1991-Q1",2.37648590083358
"73","AT","1991-Q2",2.50170913846403
"74","AT","1991-Q3",2.50756467368058
"75","AT","1991-Q4",2.43871726731863
"76","AT","1992-Q1",2.43378877860939
"77","AT","1992-Q2",2.43027445413494
"78","AT","1992-Q3",2.33188496203891
"79","AT","1992-Q4",2.38839574940716
"80","AT","1993-Q1",2.44249195240446
"81","AT","1993-Q2",2.43235525438163
"82","AT","1993-Q3",2.46884896808796
"83","AT","1993-Q4",2.47085420843903
"84","AT","1994-Q1",2.4954489396123
"85","AT","1994-Q2",2.45869699123174
"86","AT","1994-Q3",2.39730388584236
"87","AT","1994-Q4",2.38665564722245
"88","AT","1995-Q1",2.34305982722642
"89","AT","1995-Q2",2.28422422586201
"90","AT","1995-Q3",2.30971594128805
"91","AT","1995-Q4",2.30491271531155
"92","AT","1996-Q1",2.33483541547418
"93","AT","1996-Q2",2.37108015170389
"94","AT","1996-Q3",2.35508139680883
"95","AT","1996-Q4",2.37681370072815
"96","AT","1997-Q1",2.45762823160432
"97","AT","1997-Q2",2.48994200662906
"98","AT","1997-Q3",2.54343391028036
"99","AT","1997-Q4",2.5141442030236
"100","AU","1973-Q2",-0.348303378831809
"101","AU","1973-Q3",-0.360352353165317
"102","AU","1973-Q4",-0.397093895361258
"103","AU","1974-Q1",-0.397093895361258
"104","AU","1974-Q2",-0.397093895361258
"105","AU","1974-Q3",-0.385379613653507
"106","AU","1974-Q4",-0.271901511619693
"107","AU","1975-Q1",-0.298380431021269
"108","AU","1975-Q2",-0.293927759769764
"109","AU","1975-Q3",-0.253688674431139
"110","AU","1975-Q4",-0.232938449676802
"111","AU","1976-Q1",-0.228609714852748
"112","AU","1976-Q2",-0.211224451425935
"113","AU","1976-Q3",-0.216856689691557
"114","AU","1976-Q4",-0.147503213326992
"115","AU","1977-Q1",-0.0884884684431999
"116","AU","1977-Q2",-0.10068221783018
"117","AU","1977-Q3",-0.105017982847409
"118","AU","1977-Q4",-0.119394459427557
"119","AU","1978-Q1",-0.129404682266228
"120","AU","1978-Q2",-0.127686413748102
"121","AU","1978-Q3",-0.141823968039561
"122","AU","1978-Q4",-0.141430701796639
"123","AU","1979-Q1",-0.12367800300937
"124","AU","1979-Q2",-0.103276024165003
"125","AU","1979-Q3",-0.120170760127983
"126","AU","1979-Q4",-0.0984374992073705
"127","AU","1980-Q1",-0.0965788186196853
"128","AU","1980-Q2",-0.117256925201763
"129","AU","1980-Q3",-0.150015077730486
"130","AU","1980-Q4",-0.15666862613954
"131","AU","1981-Q1",-0.155441680643648
"132","AU","1981-Q2",-0.134900711809506
"133","AU","1981-Q3",-0.133697121785414
"134","AU","1981-Q4",-0.132202372544031
"135","AU","1982-Q1",-0.0828078616070167
"136","AU","1982-Q2",-0.047154503641752
"137","AU","1982-Q3",0.0172306942787493
"138","AU","1982-Q4",0.0503159826906808
"139","AU","1983-Q1",0.0595699475685143
"140","AU","1983-Q2",0.134291936088009
"141","AU","1983-Q3",0.127234524690249
"142","AU","1983-Q4",0.0946463222269091
"143","AU","1984-Q1",0.0723857748085511
"144","AU","1984-Q2",0.101494049602304
"145","AU","1984-Q3",0.176845479022674
"146","AU","1984-Q4",0.167830961739087
"147","AU","1985-Q1",0.291031456497351
"148","AU","1985-Q2",0.405980530144291
"149","AU","1985-Q3",0.360163186274537
"150","AU","1985-Q4",0.375305969916604
"151","AU","1986-Q1",0.354908384257266
"152","AU","1986-Q2",0.339083110559768
"153","AU","1986-Q3",0.475857296390841
"154","AU","1986-Q4",0.434890136569602
"155","AU","1987-Q1",0.399250280456158
"156","AU","1987-Q2",0.336605561066447
"157","AU","1987-Q3",0.336731726760258
"158","AU","1987-Q4",0.351686857427545
"159","AU","1988-Q1",0.329238996844907
"160","AU","1988-Q2",0.251456270072735
"161","AU","1988-Q3",0.223985863136651
"162","AU","1988-Q4",0.1762811278581
"163","AU","1989-Q1",0.166829956984332
"164","AU","1989-Q2",0.252355367796815
"165","AU","1989-Q3",0.269619929633373
"166","AU","1989-Q4",0.247104839641601
"167","AU","1990-Q1",0.267040493333916
"168","AU","1990-Q2",0.264037223265577
"169","AU","1990-Q3",0.212729512965338
"170","AU","1990-Q4",0.246005546256645
"171","AU","1991-Q1",0.250543390366814
"172","AU","1991-Q2",0.25913083744385
"173","AU","1991-Q3",0.246117614874031
"174","AU","1991-Q4",0.24329644405767
"175","AU","1992-Q1",0.283666520905409
"176","AU","1992-Q2",0.27664893057029
"177","AU","1992-Q3",0.313279153935597
"178","AU","1992-Q4",0.359069740789003
"179","AU","1993-Q1",0.375102115925886
"180","AU","1993-Q2",0.363237032927059
"181","AU","1993-Q3",0.401749324237119
"182","AU","1993-Q4",0.401916597362183
"183","AU","1994-Q1",0.34576936031021
"184","AU","1994-Q2",0.322213925445845
"185","AU","1994-Q3",0.302565758825024
"186","AU","1994-Q4",0.280974627754825
"187","AU","1995-Q1",0.289378133327035
"188","AU","1995-Q2",0.317786842130831
"189","AU","1995-Q3",0.300336664285019
"190","AU","1995-Q4",0.289782365291817
"191","AU","1996-Q1",0.279556650439099
"192","AU","1996-Q2",0.233497760993383
"193","AU","1996-Q3",0.237785171074598
"194","AU","1996-Q4",0.229096464183608
"195","AU","1997-Q1",0.250771688431683
"196","AU","1997-Q2",0.262587316512611
"197","AU","1997-Q3",0.306933077043893
"198","AU","1997-Q4",0.368083946386623
"199","BE","1973-Q2",3.66409142027881
"200","BE","1973-Q3",3.5961609130833
"201","BE","1973-Q4",3.65262168042436
"202","BE","1974-Q1",3.71984503334658
"203","BE","1974-Q2",3.64177037610078
"204","BE","1974-Q3",3.6554174609648
"205","BE","1974-Q4",3.62979271162809
"206","BE","1975-Q1",3.55141653359953
"207","BE","1975-Q2",3.55520519411293
"208","BE","1975-Q3",3.64010053985497
"209","BE","1975-Q4",3.66771540047183
"210","BE","1976-Q1",3.66912732551717
"211","BE","1976-Q2",3.67028259955604
"212","BE","1976-Q3",3.66460383787621
"213","BE","1976-Q4",3.60819348400884
"214","BE","1977-Q1",3.60431961507527
"215","BE","1977-Q2",3.58817474996465
"216","BE","1977-Q3",3.57331894678259
"217","BE","1977-Q4",3.54995257961045
"218","BE","1978-Q1",3.47394172605435
"219","BE","1978-Q2",3.47967989848092
"220","BE","1978-Q3",3.454527489194
"221","BE","1978-Q4",3.38817968454708
"222","BE","1979-Q1",3.37702990890533
"223","BE","1979-Q2",3.41022319283644
"224","BE","1979-Q3",3.37132219600899
"225","BE","1979-Q4",3.35347664541578
"226","BE","1980-Q1",3.35975019171324
"227","BE","1980-Q2",3.36919058549265
"228","BE","1980-Q3",3.3477497214755
"229","BE","1980-Q4",3.42396945198263
"230","BE","1981-Q1",3.52048052613075
"231","BE","1981-Q2",3.61587856120255
"232","BE","1981-Q3",3.68364075604898
"233","BE","1981-Q4",3.63075586874576
"234","BE","1982-Q1",3.72521138333722
"235","BE","1982-Q2",3.80688468728262
"236","BE","1982-Q3",3.86186590740918
"237","BE","1982-Q4",3.88605541371004
"238","BE","1983-Q1",3.85740489168262
"239","BE","1983-Q2",3.90423273993965
"240","BE","1983-Q3",3.97178136978642
"241","BE","1983-Q4",3.99807837000962
"242","BE","1984-Q1",4.01199502919301
"243","BE","1984-Q2",4.01241720934355
"244","BE","1984-Q3",4.07765043187262
"245","BE","1984-Q4",4.12052658000284
"246","BE","1985-Q1",4.18003284208241
"247","BE","1985-Q2",4.12981358847109
"248","BE","1985-Q3",4.05284525504407
"249","BE","1985-Q4",3.95922460691244
"250","BE","1986-Q1",3.87172170865462
"251","BE","1986-Q2",3.82570956664116
"252","BE","1986-Q3",3.76372405964856
"253","BE","1986-Q4",3.73022930929124
"254","BE","1987-Q1",3.64100137386947
"255","BE","1987-Q2",3.62207169353232
"256","BE","1987-Q3",3.64204986675714
"257","BE","1987-Q4",3.57294470931517
"258","BE","1988-Q1",3.5569848165129
"259","BE","1988-Q2",3.57545876457467
"260","BE","1988-Q3",3.66639523456095
"261","BE","1988-Q4",3.61615641992664
"262","BE","1989-Q1",3.65722537497873
"263","BE","1989-Q2",3.70198486845908
"264","BE","1989-Q3",3.6956647154081
"265","BE","1989-Q4",3.63922516669753
"266","BE","1990-Q1",3.56371297782104
"267","BE","1990-Q2",3.54419081212683
"268","BE","1990-Q3",3.48991008834709
"269","BE","1990-Q4",3.43343866696918
"270","BE","1991-Q1",3.45060111417378
"271","BE","1991-Q2",3.57416046945519
"272","BE","1991-Q3",3.58135920049277
"273","BE","1991-Q4",3.51114734965379
"274","BE","1992-Q1",3.50652789686997
"275","BE","1992-Q2",3.50315210418515
"276","BE","1992-Q3",3.40616281126483
"277","BE","1992-Q4",3.46249106065567
"278","BE","1993-Q1",3.5167656207874
"279","BE","1993-Q2",3.50479193893295
"280","BE","1993-Q3",3.57146519420142
"281","BE","1993-Q4",3.5798332658126
"282","BE","1994-Q1",3.57342389528077
"283","BE","1994-Q2",3.53272376559946
"284","BE","1994-Q3",3.47183890818504
"285","BE","1994-Q4",3.45866880206599
"286","BE","1995-Q1",3.4175121250782
"287","BE","1995-Q2",3.35708305205341
"288","BE","1995-Q3",3.38239494067951
"289","BE","1995-Q4",3.37690730748677
"290","BE","1996-Q1",3.40738674353905
"291","BE","1996-Q2",3.44307236825828
"292","BE","1996-Q3",3.42891284630242
"293","BE","1996-Q4",3.45105935219426
"294","BE","1997-Q1",3.53227690981098
"295","BE","1997-Q2",3.56537146840891
"296","BE","1997-Q3",3.61942424362192
"297","BE","1997-Q4",3.58975362898492
"298","CA","1973-Q2",-0.000200021002865391
"299","CA","1973-Q3",0.00375958954490159
"300","CA","1973-Q4",-0.000300046009303832
"301","CA","1974-Q1",-0.0201686953109014
"302","CA","1974-Q2",-0.0353508783389085
"303","CA","1974-Q3",-0.0194546888537764
"304","CA","1974-Q4",-0.0139975106579522
"305","CA","1975-Q1",-0.00146774427649902
"306","CA","1975-Q2",0.0216310198000936
"307","CA","1975-Q3",0.0302705226948526
"308","CA","1975-Q4",0.0173486380070125
"309","CA","1976-Q1",-0.00471108073484239
"310","CA","1976-Q2",-0.0212576864014245
"311","CA","1976-Q3",-0.0227569881456391
"312","CA","1976-Q4",-0.00769620730628705
"313","CA","1977-Q1",0.0295264386110514
"314","CA","1977-Q2",0.0510415954140213
"315","CA","1977-Q3",0.0674093959176505
"316","CA","1977-Q4",0.0968846965716749
"317","CA","1978-Q1",0.107328576854294
"318","CA","1978-Q2",0.119884529378251
"319","CA","1978-Q3",0.134268619930679
"320","CA","1978-Q4",0.164101010397541
"321","CA","1979-Q1",0.170923511841585
"322","CA","1979-Q2",0.146751947154069
"323","CA","1979-Q3",0.153922081700698
"324","CA","1979-Q4",0.161126293279956
"325","CA","1980-Q1",0.152148676584012
"326","CA","1980-Q2",0.157060726388691
"327","CA","1980-Q3",0.147154837027085
"328","CA","1980-Q4",0.168842228007153
"329","CA","1981-Q1",0.176946022798565
"330","CA","1981-Q2",0.181126397597868
"331","CA","1981-Q3",0.192051840886354
"332","CA","1981-Q4",0.175436799481627
"333","CA","1982-Q1",0.189738427294479
"334","CA","1982-Q2",0.218867755915803
"335","CA","1982-Q3",0.223063547847351
"336","CA","1982-Q4",0.208178802047461
"337","CA","1983-Q1",0.20481663380653
"338","CA","1983-Q2",0.207881001435922
"339","CA","1983-Q3",0.209288004212607
"340","CA","1983-Q4",0.213900969139849
"341","CA","1984-Q1",0.227480797979962
"342","CA","1984-Q2",0.256578327142549
"343","CA","1984-Q3",0.272999813411942
"344","CA","1984-Q4",0.276444163024978
"345","CA","1985-Q1",0.302595314691478
"346","CA","1985-Q2",0.314299660112617
"347","CA","1985-Q3",0.30746018964367
"348","CA","1985-Q4",0.321576123615999
"349","CA","1986-Q1",0.339087860511681
"350","CA","1986-Q2",0.325098273114748
"351","CA","1986-Q3",0.326012966756745
"352","CA","1986-Q4",0.325507581991761
"353","CA","1987-Q1",0.29102647370217
"354","CA","1987-Q2",0.287357019627835
"355","CA","1987-Q3",0.279347435661723
"356","CA","1987-Q4",0.270790204781563
"357","CA","1988-Q1",0.236993858124258
"358","CA","1988-Q2",0.206851554537232
"359","CA","1988-Q3",0.198331598269717
"360","CA","1988-Q4",0.187502556649869
"361","CA","1989-Q1",0.175548672506526
"362","CA","1989-Q2",0.176666709350495
"363","CA","1989-Q3",0.167461693886931
"364","CA","1989-Q4",0.155749401190955
"365","CA","1990-Q1",0.167687217525582
"366","CA","1990-Q2",0.157374050609859
"367","CA","1990-Q3",0.142482874959576
"368","CA","1990-Q4",0.149252991422166
"369","CA","1991-Q1",0.144792744901541
"370","CA","1991-Q2",0.138804962877182
"371","CA","1991-Q3",0.134122884325478
"372","CA","1991-Q4",0.126309544408209
"373","CA","1992-Q1",0.16313873737718
"374","CA","1992-Q2",0.177420678194244
"375","CA","1992-Q3",0.183681742433022
"376","CA","1992-Q4",0.232644936521872
"377","CA","1993-Q1",0.232222215247413
"378","CA","1993-Q2",0.239142876787119
"379","CA","1993-Q3",0.265349547661949
"380","CA","1993-Q4",0.281299245482558
"381","CA","1994-Q1",0.293602014962771
"382","CA","1994-Q2",0.323768069821061
"383","CA","1994-Q3",0.315683837897709
"384","CA","1994-Q4",0.313188987554193
"385","CA","1995-Q1",0.341393440940281
"386","CA","1995-Q2",0.315759195023671
"387","CA","1995-Q3",0.304175308178843
"388","CA","1995-Q4",0.304576061994748
"389","CA","1996-Q1",0.314175501622603
"390","CA","1996-Q2",0.310773403675178
"391","CA","1996-Q3",0.314803440543321
"392","CA","1996-Q4",0.300307041092031
"393","CA","1997-Q1",0.306415500907561
"394","CA","1997-Q2",0.326525310524154
"395","CA","1997-Q3",0.325570167294346
"396","CA","1997-Q4",0.342849477771264
"397","CH","1973-Q2",1.14846009407855
"398","CH","1973-Q3",1.07602578965437
"399","CH","1973-Q4",1.14028725232008
"400","CH","1974-Q1",1.1653359203992
"401","CH","1974-Q2",1.08945941720078
"402","CH","1974-Q3",1.09225881436048
"403","CH","1974-Q4",1.01390129370912
"404","CH","1975-Q1",0.912550411856932
"405","CH","1975-Q2",0.923729660706464
"406","CH","1975-Q3",0.980266594374038
"407","CH","1975-Q4",0.974798604777106
"408","CH","1976-Q1",0.947207834121055
"409","CH","1976-Q2",0.914422320546961
"410","CH","1976-Q3",0.907640088989891
"411","CH","1976-Q4",0.894563052445531
"412","CH","1977-Q1",0.924258901258782
"413","CH","1977-Q2",0.920853639028514
"414","CH","1977-Q3",0.874676756875693
"415","CH","1977-Q4",0.78141748668231
"416","CH","1978-Q1",0.657174519582814
"417","CH","1978-Q2",0.650378848535058
"418","CH","1978-Q3",0.517920395844685
"419","CH","1978-Q4",0.487331791735993
"420","CH","1979-Q1",0.516012149856394
"421","CH","1979-Q2",0.538304594365118
"422","CH","1979-Q3",0.493557381589019
"423","CH","1979-Q4",0.485097474577622
"424","CH","1980-Q1",0.50834254307119
"425","CH","1980-Q2",0.521072939623658
"426","CH","1980-Q3",0.490051324345315
"427","CH","1980-Q4",0.544685840674069
"428","CH","1981-Q1",0.640431822536574
"429","CH","1981-Q2",0.710184549980396
"430","CH","1981-Q3",0.740507751442912
"431","CH","1981-Q4",0.603386572805365
"432","CH","1982-Q1",0.628128543651907
"433","CH","1982-Q2",0.690125954081287
"434","CH","1982-Q3",0.747919416091358
"435","CH","1982-Q4",0.761008300279623
"436","CH","1983-Q1",0.700635737362738
"437","CH","1983-Q2",0.730137844577929
"438","CH","1983-Q3",0.764428542099297
"439","CH","1983-Q4",0.769367206008049
"440","CH","1984-Q1",0.787320350122132
"441","CH","1984-Q2",0.809091489460575
"442","CH","1984-Q3",0.89235316749646
"443","CH","1984-Q4",0.922073976497317
"444","CH","1985-Q1",1.01362310808465
"445","CH","1985-Q2",0.952674090207277
"446","CH","1985-Q3",0.85282541242736
"447","CH","1985-Q4",0.758013772876282
"448","CH","1986-Q1",0.681681702450667
"449","CH","1986-Q2",0.624529238421059
"450","CH","1986-Q3",0.522853003978709
"451","CH","1986-Q4",0.509384585969586
"452","CH","1987-Q1",0.435261206896001
"453","CH","1987-Q2",0.399737626242102
"454","CH","1987-Q3",0.422278522701021
"455","CH","1987-Q4",0.338280125214872
"456","CH","1988-Q1",0.318284019748677
"457","CH","1988-Q2",0.349364957639366
"458","CH","1988-Q3",0.447353200810417
"459","CH","1988-Q4",0.402861722238049
"460","CH","1989-Q1",0.457488136175316
"461","CH","1989-Q2",0.528685188066757
"462","CH","1989-Q3",0.507178982845794
"463","CH","1989-Q4",0.473933397581583
"464","CH","1990-Q1",0.40870430069923
"465","CH","1990-Q2",0.367093811875943
"466","CH","1990-Q3",0.289754922612712
"467","CH","1990-Q4",0.240695281227444
"468","CH","1991-Q1",0.268320847723153
"469","CH","1991-Q2",0.388725784103867
"470","CH","1991-Q3",0.417723005503666
"471","CH","1991-Q4",0.360886064710197
"472","CH","1992-Q1",0.375807412087903
"473","CH","1992-Q2",0.390035571563597
"474","CH","1992-Q3",0.264771620868675
"475","CH","1992-Q4",0.328252835416032
"476","CH","1993-Q1",0.409412861022928
"477","CH","1993-Q2",0.378397622181621
"478","CH","1993-Q3",0.390254454875972
"479","CH","1993-Q4",0.383378541273259
"480","CH","1994-Q1",0.373832245378291
"481","CH","1994-Q2",0.343138065773683
"482","CH","1994-Q3",0.271331629504345
"483","CH","1994-Q4",0.259593763504823
"484","CH","1995-Q1",0.217879051453747
"485","CH","1995-Q2",0.143404575287324
"486","CH","1995-Q3",0.166714283347494
"487","CH","1995-Q4",0.140480524712728
"488","CH","1996-Q1",0.174611353868501
"489","CH","1996-Q2",0.218034522423878
"490","CH","1996-Q3",0.201285052160968
"491","CH","1996-Q4",0.252044532060636
"492","CH","1997-Q1",0.362801140418669
"493","CH","1997-Q2",0.368388406030775
"494","CH","1997-Q3",0.398646357623612
"495","CH","1997-Q4",0.359553796064535
"496","DE","1973-Q2",1.00649699939481
"497","DE","1973-Q3",0.87296560671807
"498","DE","1973-Q4",0.935688047892488
"499","DE","1974-Q1",0.998890167961094
"500","DE","1974-Q2",0.91731687147945
"501","DE","1974-Q3",0.959503465913891
"502","DE","1974-Q4",0.925356182491375
"503","DE","1975-Q1",0.848825264596984
"504","DE","1975-Q2",0.856370861378825
"505","DE","1975-Q3",0.937177738077776
"506","DE","1975-Q4",0.954318425714096
"507","DE","1976-Q1",0.945564703522955
"508","DE","1976-Q2",0.939160545704265
"509","DE","1976-Q3",0.928759340950512
"510","DE","1976-Q4",0.879017986449852
"511","DE","1977-Q1",0.87350848356123
"512","DE","1977-Q2",0.859438153191279
"513","DE","1977-Q3",0.83623691259444
"514","DE","1977-Q4",0.799277399620091
"515","DE","1978-Q1",0.730442964821947
"516","DE","1978-Q2",0.730844297251174
"517","DE","1978-Q3",0.696624460641226
"518","DE","1978-Q4",0.628448646443203
"519","DE","1979-Q1",0.617669039024521
"520","DE","1979-Q2",0.639078106908325
"521","DE","1979-Q3",0.596728052399621
"522","DE","1979-Q4",0.568735976484583
"523","DE","1980-Q1",0.572898607399882
"524","DE","1980-Q2",0.593621460806178
"525","DE","1980-Q3",0.574119620241407
"526","DE","1980-Q4",0.647713875479285
"527","DE","1981-Q1",0.73555192139617
"528","DE","1981-Q2",0.822346285258213
"529","DE","1981-Q3",0.889015453328011
"530","DE","1981-Q4",0.808616430069076
"531","DE","1982-Q1",0.852654914004031
"532","DE","1982-Q2",0.866273815131386
"533","DE","1982-Q3",0.908755747983277
"534","DE","1982-Q4",0.916783943158804
"535","DE","1983-Q1",0.878699623111413
"536","DE","1983-Q2",0.910192173143988
"537","DE","1983-Q3",0.971876798735327
"538","DE","1983-Q4",0.984908421504751
"539","DE","1984-Q1",0.994177270161198
"540","DE","1984-Q2",0.996764115777985
"541","DE","1984-Q3",1.07120683286331
"542","DE","1984-Q4",1.116081039909
"543","DE","1985-Q1",1.1806018180027
"544","DE","1985-Q2",1.12709175988199
"545","DE","1985-Q3",1.04695635543562
"546","DE","1985-Q4",0.949299885352096
"547","DE","1986-Q1",0.852853825957884
"548","DE","1986-Q2",0.809328934404197
"549","DE","1986-Q3",0.735072566120354
"550","DE","1986-Q4",0.696923375087713
"551","DE","1987-Q1",0.609493795562693
"552","DE","1987-Q2",0.590689853974909
"553","DE","1987-Q3",0.609403187126985
"554","DE","1987-Q4",0.533858322876563
"555","DE","1988-Q1",0.516270772001885
"556","DE","1988-Q2",0.535010790554346
"557","DE","1988-Q3",0.623850691557288
"558","DE","1988-Q4",0.574119620804608
"559","DE","1989-Q1",0.614789164108018
"560","DE","1989-Q2",0.659521452910285
"561","DE","1989-Q3",0.654527620011556
"562","DE","1989-Q4",0.594872611291605
"563","DE","1990-Q1",0.525182074982609
"564","DE","1990-Q2",0.51758274292915
"565","DE","1990-Q3",0.465891017372111
"566","DE","1990-Q4",0.405976088646481
"567","DE","1991-Q1",0.425725147115524
"568","DE","1991-Q2",0.550892132979074
"569","DE","1991-Q3",0.556181325486788
"570","DE","1991-Q4",0.487761684167439
"571","DE","1992-Q1",0.482055710269876
"572","DE","1992-Q2",0.478901426181347
"573","DE","1992-Q3",0.380625818094519
"574","DE","1992-Q4",0.438061363811153
"575","DE","1993-Q1",0.491602028798232
"576","DE","1993-Q2",0.481242321224316
"577","DE","1993-Q3",0.517411886640726
"578","DE","1993-Q4",0.520332291858954
"579","DE","1994-Q1",0.54477670754827
"580","DE","1994-Q2",0.507849198604095
"581","DE","1994-Q3",0.44604173919594
"582","DE","1994-Q4",0.43380850105732
"583","DE","1995-Q1",0.392213244299081
"584","DE","1995-Q2",0.33374709823085
"585","DE","1995-Q3",0.359244306963411
"586","DE","1995-Q4",0.353357447126414
"587","DE","1996-Q1",0.384230122142581
"588","DE","1996-Q2",0.420202641866617
"589","DE","1996-Q3",0.404039648178282
"590","DE","1996-Q4",0.425581411692989
"591","DE","1997-Q1",0.505979902198029
"592","DE","1997-Q2",0.538736466926827
"593","DE","1997-Q3",0.592385334055147
"594","DE","1997-Q4",0.562740424978157
"595","DK","1973-Q2",1.80478537351858
"596","DK","1973-Q3",1.73254010939125
"597","DK","1973-Q4",1.78148464111857
"598","DK","1974-Q1",1.8634080702452
"599","DK","1974-Q2",1.78747251541397
"600","DK","1974-Q3",1.80148975370558
"601","DK","1974-Q4",1.77511053032156
"602","DK","1975-Q1",1.71023603601116
"603","DK","1975-Q2",1.6997538232493
"604","DK","1975-Q3",1.77725478285607
"605","DK","1975-Q4",1.80305103427279
"606","DK","1976-Q1",1.81599669342942
"607","DK","1976-Q2",1.80439047212903
"608","DK","1976-Q3",1.80461536564842
"609","DK","1976-Q4",1.77138667925002
"610","DK","1977-Q1",1.77325599749372
"611","DK","1977-Q2",1.79326389240469
"612","DK","1977-Q3",1.80080179704712
"613","DK","1977-Q4",1.80158327926152
"614","DK","1978-Q1",1.73729155022929
"615","DK","1978-Q2",1.73177353212092
"616","DK","1978-Q3",1.70692148609994
"617","DK","1978-Q4",1.65133452914904
"618","DK","1979-Q1",1.64012875956094
"619","DK","1979-Q2",1.6796167468689
"620","DK","1979-Q3",1.65555784785667
"621","DK","1979-Q4",1.66553465159688
"622","DK","1980-Q1",1.7113083446498
"623","DK","1980-Q2",1.7298545140686
"624","DK","1980-Q3",1.70368692315519
"625","DK","1980-Q4",1.77046205846284
"626","DK","1981-Q1",1.86744397562136
"627","DK","1981-Q2",1.96707039764383
"628","DK","1981-Q3",2.03276040182307
"629","DK","1981-Q4",1.97919293777001
"630","DK","1982-Q1",2.05034309170742
"631","DK","1982-Q2",2.0930526553502
"632","DK","1982-Q3",2.15771730457161
"633","DK","1982-Q4",2.17454715506946
"634","DK","1983-Q1",2.14398787516971
"635","DK","1983-Q2",2.1816709102966
"636","DK","1983-Q3",2.25198278781845
"637","DK","1983-Q4",2.26994825836443
"638","DK","1984-Q1",2.28708559391324
"639","DK","1984-Q2",2.29696935410784
"640","DK","1984-Q3",2.36380248026679
"641","DK","1984-Q4",2.39833759916976
"642","DK","1985-Q1",2.45474522147356
"643","DK","1985-Q2",2.40512663908807
"644","DK","1985-Q3",2.33162272385067
"645","DK","1985-Q4",2.23726048519352
"646","DK","1986-Q1",2.15606301899786
"647","DK","1986-Q2",2.11688583815524
"648","DK","1986-Q3",2.06000809622765
"649","DK","1986-Q4",2.02493695626129
"650","DK","1987-Q1",1.93871767847381
"651","DK","1987-Q2",1.9171333742839
"652","DK","1987-Q3",1.95129562133165
"653","DK","1987-Q4",1.88284863184831
"654","DK","1988-Q1",1.85927792095888
"655","DK","1988-Q2",1.87569203747226
"656","DK","1988-Q3",1.96462441586131
"657","DK","1988-Q4",1.9241659237914
"658","DK","1989-Q1",1.97214860454217
"659","DK","1989-Q2",2.01851426990285
"660","DK","1989-Q3",2.01205452297798
"661","DK","1989-Q4",1.95285738957038
"662","DK","1990-Q1",1.87468519649106
"663","DK","1990-Q2",1.85579786532394
"664","DK","1990-Q3",1.80538291391833
"665","DK","1990-Q4",1.75030648864092
"666","DK","1991-Q1",1.77104642763051
"667","DK","1991-Q2",1.89498270252424
"668","DK","1991-Q3",1.9084653817857
"669","DK","1991-Q4",1.8427165960065
"670","DK","1992-Q1",1.83742836518758
"671","DK","1992-Q2",1.83031222430427
"672","DK","1992-Q3",1.73133100872629
"673","DK","1992-Q4",1.78844843825421
"674","DK","1993-Q1",1.83880737580703
"675","DK","1993-Q2",1.82628649192262
"676","DK","1993-Q3",1.90733265756205
"677","DK","1993-Q4",1.90223338912264
"678","DK","1994-Q1",1.90588545565365
"679","DK","1994-Q2",1.87416400098262
"680","DK","1994-Q3",1.81743858693213
"681","DK","1994-Q4",1.79929875503258
"682","DK","1995-Q1",1.76885527036097
"683","DK","1995-Q2",1.69845377909131
"684","DK","1995-Q3",1.71549738376549
"685","DK","1995-Q4",1.70845032143175
"686","DK","1996-Q1",1.73650277538358
"687","DK","1996-Q2",1.77034798174345
"688","DK","1996-Q3",1.75389201778075
"689","DK","1996-Q4",1.76939342585316
"690","DK","1997-Q1",1.84454112767432
"691","DK","1997-Q2",1.87562920345901
"692","DK","1997-Q3",1.92918535180566
"693","DK","1997-Q4",1.89968918167156
"694","ES","1973-Q2",4.06123005704865
"695","ES","1973-Q3",4.04434283105086
"696","ES","1973-Q4",4.0429167558467
"697","ES","1974-Q1",4.07284282557316
"698","ES","1974-Q2",4.05549977838121
"699","ES","1974-Q3",4.04862634144844
"700","ES","1974-Q4",4.0428699648329
"701","ES","1975-Q1",4.0261846770212
"702","ES","1975-Q2",4.02537549995766
"703","ES","1975-Q3",4.06423466369328
"704","ES","1975-Q4",4.08360936787176
"705","ES","1976-Q1",4.15574796566102
"706","ES","1976-Q2",4.21362770671042
"707","ES","1976-Q3",4.21935573283478
"708","ES","1976-Q4",4.22275243534099
"709","ES","1977-Q1",4.23104869415016
"710","ES","1977-Q2",4.23396156654352
"711","ES","1977-Q3",4.42164390379182
"712","ES","1977-Q4",4.41685067737843
"713","ES","1978-Q1",4.38731263909483
"714","ES","1978-Q2",4.38478532597933
"715","ES","1978-Q3",4.32166161457025
"716","ES","1978-Q4",4.25862471761894
"717","ES","1979-Q1",4.23966109754256
"718","ES","1979-Q2",4.20031489189556
"719","ES","1979-Q3",4.19058864923365
"720","ES","1979-Q4",4.19489352087768
"721","ES","1980-Q1",4.20879365137835
"722","ES","1980-Q2",4.26012261942378
"723","ES","1980-Q3",4.27808178314797
"724","ES","1980-Q4",4.33874937148941
"725","ES","1981-Q1",4.4317052928965
"726","ES","1981-Q2",4.51241872984923
"727","ES","1981-Q3",4.58461367458248
"728","ES","1981-Q4",4.5654448121713
"729","ES","1982-Q1",4.61727660664321
"730","ES","1982-Q2",4.66363718768835
"731","ES","1982-Q3",4.72004232241256
"732","ES","1982-Q4",4.78769727720562
"733","ES","1983-Q1",4.86683420533862
"734","ES","1983-Q2",4.93412135299361
"735","ES","1983-Q3",5.01243145780355
"736","ES","1983-Q4",5.04077645100609
"737","ES","1984-Q1",5.03963083093319
"738","ES","1984-Q2",5.03009363555117
"739","ES","1984-Q3",5.10705395022273
"740","ES","1984-Q4",5.1387392067824
"741","ES","1985-Q1",5.19336972860744
"742","ES","1985-Q2",5.15911468442246
"743","ES","1985-Q3",5.11802973991307
"744","ES","1985-Q4",5.0694428411953
"745","ES","1986-Q1",4.99312510382168
"746","ES","1986-Q2",4.96169011790841
"747","ES","1986-Q3",4.90707562507612
"748","ES","1986-Q4",4.90318990365589
"749","ES","1987-Q1",4.85954363439613
"750","ES","1987-Q2",4.83736333258195
"751","ES","1987-Q3",4.82544027954062
"752","ES","1987-Q4",4.73769148530676
"753","ES","1988-Q1",4.72813974833177
"754","ES","1988-Q2",4.72757364215406
"755","ES","1988-Q3",4.81664323446794
"756","ES","1988-Q4",4.75610140318838
"757","ES","1989-Q1",4.74942059085222
"758","ES","1989-Q2",4.8009507624662
"759","ES","1989-Q3",4.79252350664307
"760","ES","1989-Q4",4.75153635929907
"761","ES","1990-Q1",4.69235349264141
"762","ES","1990-Q2",4.65376033015486
"763","ES","1990-Q3",4.59192282590246
"764","ES","1990-Q4",4.55348734205176
"765","ES","1991-Q1",4.56132278620782
"766","ES","1991-Q2",4.67860030940664
"767","ES","1991-Q3",4.69303758537487
"768","ES","1991-Q4",4.63601618532585
"769","ES","1992-Q1",4.62669029182166
"770","ES","1992-Q2",4.61891857560413
"771","ES","1992-Q3",4.55579084829002
"772","ES","1992-Q4",4.70749810797849
"773","ES","1993-Q1",4.75872926228106
"774","ES","1993-Q2",4.7971725103536
"775","ES","1993-Q3",4.90228512870073
"776","ES","1993-Q4",4.91763998845766
"777","ES","1994-Q1",4.94916879021877
"778","ES","1994-Q2",4.91559663298295
"779","ES","1994-Q3",4.86251536306236
"780","ES","1994-Q4",4.86000101706413
"781","ES","1995-Q1",4.87175118853182
"782","ES","1995-Q2",4.8127858004843
"783","ES","1995-Q3",4.81114316311333
"784","ES","1995-Q4",4.80615537744574
"785","ES","1996-Q1",4.81788353132748
"786","ES","1996-Q2",4.84819217871798
"787","ES","1996-Q3",4.8407849803937
"788","ES","1996-Q4",4.85876534475813
"789","ES","1997-Q1",4.94317218050425
"790","ES","1997-Q2",4.97477550448452
"791","ES","1997-Q3",5.02685635182379
"792","ES","1997-Q4",4.99904066879829
"793","FI","1973-Q2",1.342429547269
"794","FI","1973-Q3",1.3006456913711
"795","FI","1973-Q4",1.324507605746
"796","FI","1974-Q1",1.36413395625154
"797","FI","1974-Q2",1.30878316846539
"798","FI","1974-Q3",1.32264433383427
"799","FI","1974-Q4",1.31578247916694
"800","FI","1975-Q1",1.25741877980444
"801","FI","1975-Q2",1.26797993407609
"802","FI","1975-Q3",1.3278704407744
"803","FI","1975-Q4",1.35368507735324
"804","FI","1976-Q1",1.34694697307427
"805","FI","1976-Q2",1.35617873701489
"806","FI","1976-Q3",1.35875185791377
"807","FI","1976-Q4",1.34529874021317
"808","FI","1977-Q1",1.33963941554279
"809","FI","1977-Q2",1.40339726883105
"810","FI","1977-Q3",1.4064237322273
"811","FI","1977-Q4",1.42302800954782
"812","FI","1978-Q1",1.41033635541333
"813","FI","1978-Q2",1.44762461609363
"814","FI","1978-Q3",1.41892288042691
"815","FI","1978-Q4",1.38287184412497
"816","FI","1979-Q1",1.37960537277468
"817","FI","1979-Q2",1.38612768037001
"818","FI","1979-Q3",1.34521191581544
"819","FI","1979-Q4",1.32698658001307
"820","FI","1980-Q1",1.3251279256739
"821","FI","1980-Q2",1.31506685162033
"822","FI","1980-Q3",1.29381350810877
"823","FI","1980-Q4",1.33131005258027
"824","FI","1981-Q1",1.38912368793802
"825","FI","1981-Q2",1.46016420951141
"826","FI","1981-Q3",1.51703018294685
"827","FI","1981-Q4",1.47803758064771
"828","FI","1982-Q1",1.50392923748811
"829","FI","1982-Q2",1.52634611640758
"830","FI","1982-Q3",1.561507378524
"831","FI","1982-Q4",1.68917288032555
"832","FI","1983-Q1",1.68237853670715
"833","FI","1983-Q2",1.70031403376559
"834","FI","1983-Q3",1.73571807822542
"835","FI","1983-Q4",1.74977939687062
"836","FI","1984-Q1",1.75561402247616
"837","FI","1984-Q2",1.75168950663656
"838","FI","1984-Q3",1.81205217249582
"839","FI","1984-Q4",1.85091896598517
"840","FI","1985-Q1",1.91425090905565
"841","FI","1985-Q2",1.86000880510164
"842","FI","1985-Q3",1.79320897374417
"843","FI","1985-Q4",1.71869223730774
"844","FI","1986-Q1",1.66039905166424
"845","FI","1986-Q2",1.63604024506325
"846","FI","1986-Q3",1.60329843770267
"847","FI","1986-Q4",1.59177822739614
"848","FI","1987-Q1",1.51781446161844
"849","FI","1987-Q2",1.48037499746657
"850","FI","1987-Q3",1.49392679401817
"851","FI","1987-Q4",1.42812464714338
"852","FI","1988-Q1",1.40158847430994
"853","FI","1988-Q2",1.40045693014069
"854","FI","1988-Q3",1.48581535993875
"855","FI","1988-Q4",1.43367082807744
"856","FI","1989-Q1",1.4567497182088
"857","FI","1989-Q2",1.46301463253257
"858","FI","1989-Q3",1.46770997208411
"859","FI","1989-Q4",1.43856180586887
"860","FI","1990-Q1",1.38435164192906
"861","FI","1990-Q2",1.37572368789417
"862","FI","1990-Q3",1.32162338676634
"863","FI","1990-Q4",1.2793603860015
"864","FI","1991-Q1",1.30455451968476
"865","FI","1991-Q2",1.40711036366677
"866","FI","1991-Q3",1.43867885160304
"867","FI","1991-Q4",1.43284630806316
"868","FI","1992-Q1",1.48560259863575
"869","FI","1992-Q2",1.47608936023611
"870","FI","1992-Q3",1.42665224795884
"871","FI","1992-Q4",1.60132509232355
"872","FI","1993-Q1",1.74750682824534
"873","FI","1993-Q2",1.71233559781364
"874","FI","1993-Q3",1.75736469248861
"875","FI","1993-Q4",1.7526483945087
"876","FI","1994-Q1",1.72326885254242
"877","FI","1994-Q2",1.69414051514322
"878","FI","1994-Q3",1.62982533602385
"879","FI","1994-Q4",1.55736255793128
"880","FI","1995-Q1",1.52286134998983
"881","FI","1995-Q2",1.45696560113586
"882","FI","1995-Q3",1.46020677843973
"883","FI","1995-Q4",1.45432132182073
"884","FI","1996-Q1",1.51119717607386
"885","FI","1996-Q2",1.55174806328977
"886","FI","1996-Q3",1.51188535370966
"887","FI","1996-Q4",1.52323929597422
"888","FI","1997-Q1",1.59761361346566
"889","FI","1997-Q2",1.63820611096875
"890","FI","1997-Q3",1.68481498370267
"891","FI","1997-Q4",1.6652755655646
"892","FR","1973-Q2",1.48843059777488
"893","FR","1973-Q3",1.43253308190667
"894","FR","1973-Q4",1.48313667317997
"895","FR","1974-Q1",1.59592585263895
"896","FR","1974-Q2",1.58493348498836
"897","FR","1974-Q3",1.56499943413693
"898","FR","1974-Q4",1.53556330043494
"899","FR","1975-Q1",1.45429979007371
"900","FR","1975-Q2",1.40783073791637
"901","FR","1975-Q3",1.47203957090813
"902","FR","1975-Q4",1.48716156823296
"903","FR","1976-Q1",1.50910131668756
"904","FR","1976-Q2",1.55815814957323
"905","FR","1976-Q3",1.6005585560414
"906","FR","1976-Q4",1.60602909099842
"907","FR","1977-Q1",1.6046012652897
"908","FR","1977-Q2",1.59238523286319
"909","FR","1977-Q3",1.58798108558361
"910","FR","1977-Q4",1.57598453596808
"911","FR","1978-Q1",1.55949808744785
"912","FR","1978-Q2",1.52733809027846
"913","FR","1978-Q3",1.47866841639279
"914","FR","1978-Q4",1.4593047071381
"915","FR","1979-Q1",1.45121562134726
"916","FR","1979-Q2",1.47573888648371
"917","FR","1979-Q3",1.44314717271267
"918","FR","1979-Q4",1.4209614528672
"919","FR","1980-Q1",1.42289947685109
"920","FR","1980-Q2",1.4379613354429
"921","FR","1980-Q3",1.41619291122312
"922","FR","1980-Q4",1.48606427831363
"923","FR","1981-Q1",1.58098356658533
"924","FR","1981-Q2",1.68983747937964
"925","FR","1981-Q3",1.75930514550228
"926","FR","1981-Q4",1.73195638473934
"927","FR","1982-Q1",1.79090354730915
"928","FR","1982-Q2",1.83715764360702
"929","FR","1982-Q3",1.93755630489928
"930","FR","1982-Q4",1.95629885608483
"931","FR","1983-Q1",1.92968881540478
"932","FR","1983-Q2",2.01088607442842
"933","FR","1983-Q3",2.07444575000914
"934","FR","1983-Q4",2.100191432476
"935","FR","1984-Q1",2.11693801273138
"936","FR","1984-Q2",2.11959531298868
"937","FR","1984-Q3",2.19279626824003
"938","FR","1984-Q4",2.23673727057996
"939","FR","1985-Q1",2.29859045832082
"940","FR","1985-Q2",2.24146472327951
"941","FR","1985-Q3",2.16180846933724
"942","FR","1985-Q4",2.06519470237228
"943","FR","1986-Q1",1.97514527432365
"944","FR","1986-Q2",1.96666003997391
"945","FR","1986-Q3",1.91363781136141
"946","FR","1986-Q4",1.88285370370382
"947","FR","1987-Q1",1.81283035512502
"948","FR","1987-Q2",1.79597833506301
"949","FR","1987-Q3",1.8140481105828
"950","FR","1987-Q4",1.74997636484149
"951","FR","1988-Q1",1.73497745512907
"952","FR","1988-Q2",1.75417297556595
"953","FR","1988-Q3",1.84354514237729
"954","FR","1988-Q4",1.80194079650181
"955","FR","1989-Q1",1.83961268666344
"956","FR","1989-Q2",1.88009080801802
"957","FR","1989-Q3",1.87275044510187
"958","FR","1989-Q4",1.81908276487694
"959","FR","1990-Q1",1.74673304662227
"960","FR","1990-Q2",1.73064028068921
"961","FR","1990-Q3",1.67591829693401
"962","FR","1990-Q4",1.62083274404797
"963","FR","1991-Q1",1.65057345779215
"964","FR","1991-Q2",1.77139801915284
"965","FR","1991-Q3",1.77959129188166
"966","FR","1991-Q4",1.7141582232045
"967","FR","1992-Q1",1.70661906814365
"968","FR","1992-Q2",1.69388873622584
"969","FR","1992-Q3",1.60139902028415
"970","FR","1992-Q4",1.66096717897803
"971","FR","1993-Q1",1.71319714672495
"972","FR","1993-Q2",1.69713127903816
"973","FR","1993-Q3",1.75997177373733
"974","FR","1993-Q4",1.76399650905199
"975","FR","1994-Q1",1.76849311682268
"976","FR","1994-Q2",1.73826902603377
"977","FR","1994-Q3",1.67776798654161
"978","FR","1994-Q4",1.66866548039372
"979","FR","1995-Q1",1.64264893686182
"980","FR","1995-Q2",1.59284161935015
"981","FR","1995-Q3",1.59918216828037
"982","FR","1995-Q4",1.5954201206659
"983","FR","1996-Q1",1.61643934510236
"984","FR","1996-Q2",1.64056183228192
"985","FR","1996-Q3",1.62804701730816
"986","FR","1996-Q4",1.64383483028458
"987","FR","1997-Q1",1.72224205543093
"988","FR","1997-Q2",1.75409048485404
"989","FR","1997-Q3",1.80628841113676
"990","FR","1997-Q4",1.77218638225214
"991","GB","1973-Q2",-0.927993837211181
"992","GB","1973-Q3",-0.907861640685908
"993","GB","1973-Q4",-0.866317132946406
"994","GB","1974-Q1",-0.823331581778686
"995","GB","1974-Q2",-0.874186362348313
"996","GB","1974-Q3",-0.85429450447221
"997","GB","1974-Q4",-0.845659095119026
"998","GB","1975-Q1",-0.871657611329382
"999","GB","1975-Q2",-0.84332609397087
"1000","GB","1975-Q3",-0.754971523879508
"1001","GB","1975-Q4",-0.714154294999611
"1002","GB","1976-Q1",-0.692656636229827
"1003","GB","1976-Q2",-0.591229185382075
"1004","GB","1976-Q3",-0.568642491397887
"1005","GB","1976-Q4",-0.501116247682664
"1006","GB","1977-Q1",-0.53853032540929
"1007","GB","1977-Q2",-0.541727657233252
"1008","GB","1977-Q3",-0.551012405146283
"1009","GB","1977-Q4",-0.59534133146988
"1010","GB","1978-Q1",-0.655990778040741
"1011","GB","1978-Q2",-0.606736485777089
"1012","GB","1978-Q3",-0.658089610375659
"1013","GB","1978-Q4",-0.684933011409221
"1014","GB","1979-Q1",-0.700858169298968
"1015","GB","1979-Q2",-0.732163863275519
"1016","GB","1979-Q3",-0.802390039807311
"1017","GB","1979-Q4",-0.769074758063627
"1018","GB","1980-Q1",-0.812179999119734
"1019","GB","1980-Q2",-0.825559963252383
"1020","GB","1980-Q3",-0.867500570085677
"1021","GB","1980-Q4",-0.869166242265926
"1022","GB","1981-Q1",-0.836118804088358
"1023","GB","1981-Q2",-0.731212563444335
"1024","GB","1981-Q3",-0.607447888032339
"1025","GB","1981-Q4",-0.632782986691139
"1026","GB","1982-Q1",-0.613237406644787
"1027","GB","1982-Q2",-0.576252837748172
"1028","GB","1982-Q3",-0.545293429411353
"1029","GB","1982-Q4",-0.500016477531923
"1030","GB","1983-Q1",-0.426048501653003
"1031","GB","1983-Q2",-0.441535390643542
"1032","GB","1983-Q3",-0.412019039775471
"1033","GB","1983-Q4",-0.384995547869054
"1034","GB","1984-Q1",-0.36054480458066
"1035","GB","1984-Q2",-0.333855863246346
"1036","GB","1984-Q3",-0.260005947484301
"1037","GB","1984-Q4",-0.195131656891978
"1038","GB","1985-Q1",-0.107799413278176
"1039","GB","1985-Q2",-0.228620187831461
"1040","GB","1985-Q3",-0.318334654875058
"1041","GB","1985-Q4",-0.362137935129486
"1042","GB","1986-Q1",-0.364418658779772
"1043","GB","1986-Q2",-0.410958167371777
"1044","GB","1986-Q3",-0.398181200290503
"1045","GB","1986-Q4",-0.357197937819052
"1046","GB","1987-Q1",-0.432164382698703
"1047","GB","1987-Q2",-0.496087542579613
"1048","GB","1987-Q3",-0.480048577908358
"1049","GB","1987-Q4",-0.560468234498109
"1050","GB","1988-Q1",-0.585466558431827
"1051","GB","1988-Q2",-0.610568000147233
"1052","GB","1988-Q3",-0.527867232850018
"1053","GB","1988-Q4",-0.581729844527274
"1054","GB","1989-Q1",-0.558393119033105
"1055","GB","1989-Q2",-0.485739050847803
"1056","GB","1989-Q3",-0.467626190926512
"1057","GB","1989-Q4",-0.460713582338645
"1058","GB","1990-Q1",-0.504888836966229
"1059","GB","1990-Q2",-0.515020521169053
"1060","GB","1990-Q3",-0.620784349326836
"1061","GB","1990-Q4",-0.665288852431547
"1062","GB","1991-Q1",-0.645815857760093
"1063","GB","1991-Q2",-0.534359838114308
"1064","GB","1991-Q3",-0.521217207512455
"1065","GB","1991-Q4",-0.572727623582434
"1066","GB","1992-Q1",-0.570949607033932
"1067","GB","1992-Q2",-0.590951668245274
"1068","GB","1992-Q3",-0.642654973623949
"1069","GB","1992-Q4",-0.455054066228553
"1070","GB","1993-Q1",-0.388943838976104
"1071","GB","1993-Q2",-0.428760347479418
"1072","GB","1993-Q3",-0.408168759682478
"1073","GB","1993-Q4",-0.395904140175617
"1074","GB","1994-Q1",-0.396955388694966
"1075","GB","1994-Q2",-0.407546818364218
"1076","GB","1994-Q3",-0.438457428432391
"1077","GB","1994-Q4",-0.460399602573361
"1078","GB","1995-Q1",-0.458755785411212
"1079","GB","1995-Q2",-0.468085118764436
"1080","GB","1995-Q3",-0.453300493224216
"1081","GB","1995-Q4",-0.444920006280615
"1082","GB","1996-Q1",-0.425987887051306
"1083","GB","1996-Q2",-0.421264026354504
"1084","GB","1996-Q3",-0.440931241724783
"1085","GB","1996-Q4",-0.49256830749516
"1086","GB","1997-Q1",-0.488525725092385
"1087","GB","1997-Q2",-0.491827475749933
"1088","GB","1997-Q3",-0.484852400613154
"1089","GB","1997-Q4",-0.506637273828617
"1090","GR","1973-Q2",3.40120738171216
"1091","GR","1973-Q3",3.40120738171216
"1092","GR","1973-Q4",3.34990408723952
"1093","GR","1974-Q1",3.40120738171216
"1094","GR","1974-Q2",3.40120738171216
"1095","GR","1974-Q3",3.40120738171216
"1096","GR","1974-Q4",3.40120738171216
"1097","GR","1975-Q1",3.40120738171216
"1098","GR","1975-Q2",3.40661600765586
"1099","GR","1975-Q3",3.49493056104865
"1100","GR","1975-Q4",3.55803017566045
"1101","GR","1976-Q1",3.56819847344003
"1102","GR","1976-Q2",3.59912796277389
"1103","GR","1976-Q3",3.60687370980594
"1104","GR","1976-Q4",3.61632668223859
"1105","GR","1977-Q1",3.62037753349267
"1106","GR","1977-Q2",3.61518806181852
"1107","GR","1977-Q3",3.60249515317102
"1108","GR","1977-Q4",3.587787592525
"1109","GR","1978-Q1",3.59252456209363
"1110","GR","1978-Q2",3.6206095354925
"1111","GR","1978-Q3",3.605715212826
"1112","GR","1978-Q4",3.59697430391675
"1113","GR","1979-Q1",3.59705652009968
"1114","GR","1979-Q2",3.61565442535735
"1115","GR","1979-Q3",3.60453723898575
"1116","GR","1979-Q4",3.63026115159901
"1117","GR","1980-Q1",3.67111424983567
"1118","GR","1980-Q2",3.76038583074191
"1119","GR","1980-Q3",3.76526934449705
"1120","GR","1980-Q4",3.8073363367363
"1121","GR","1981-Q1",3.91109590912048
"1122","GR","1981-Q2",4.01602860358167
"1123","GR","1981-Q3",4.08695622442114
"1124","GR","1981-Q4",4.03673898958038
"1125","GR","1982-Q1",4.10353552890717
"1126","GR","1982-Q2",4.17009602436036
"1127","GR","1982-Q3",4.2506453099388
"1128","GR","1982-Q4",4.27369411437573
"1129","GR","1983-Q1",4.42213237274372
"1130","GR","1983-Q2",4.432917764863
"1131","GR","1983-Q3",4.48704709251485
"1132","GR","1983-Q4",4.56380637803636
"1133","GR","1984-Q1",4.62713387519325
"1134","GR","1984-Q2",4.67543602468305
"1135","GR","1984-Q3",4.75272775034283
"1136","GR","1984-Q4",4.83203746229145
"1137","GR","1985-Q1",4.90189128308806
"1138","GR","1985-Q2",4.91152189119644
"1139","GR","1985-Q3",4.89252470479503
"1140","GR","1985-Q4",5.00258072071438
"1141","GR","1986-Q1",4.97409117344897
"1142","GR","1986-Q2",4.9490199038507
"1143","GR","1986-Q3",4.91307881547299
"1144","GR","1986-Q4",4.92879597347978
"1145","GR","1987-Q1",4.90120973721905
"1146","GR","1987-Q2",4.89987752337662
"1147","GR","1987-Q3",4.93796662752547
"1148","GR","1987-Q4",4.89414642065059
"1149","GR","1988-Q1",4.89717788939416
"1150","GR","1988-Q2",4.91720090944322
"1151","GR","1988-Q3",5.01185233098411
"1152","GR","1988-Q4",4.98858280442341
"1153","GR","1989-Q1",5.04169243389492
"1154","GR","1989-Q2",5.10606869863133
"1155","GR","1989-Q3",5.1135167393969
"1156","GR","1989-Q4",5.09779314184
"1157","GR","1990-Q1",5.07187044845401
"1158","GR","1990-Q2",5.10041099496775
"1159","GR","1990-Q3",5.0553898127642
"1160","GR","1990-Q4",5.03453626550814
"1161","GR","1991-Q1",5.09809249761639
"1162","GR","1991-Q2",5.24275532488654
"1163","GR","1991-Q3",5.25876019679958
"1164","GR","1991-Q4",5.21451537940738
"1165","GR","1992-Q1",5.23206359743558
"1166","GR","1992-Q2",5.25696745492629
"1167","GR","1992-Q3",5.19888001500843
"1168","GR","1992-Q4",5.31000051863128
"1169","GR","1993-Q1",5.39312438948714
"1170","GR","1993-Q2",5.39415468012021
"1171","GR","1993-Q3",5.4593016298812
"1172","GR","1993-Q4",5.48918870016971
"1173","GR","1994-Q1",5.51874721242543
"1174","GR","1994-Q2",5.50781626486329
"1175","GR","1994-Q3",5.46719799744414
"1176","GR","1994-Q4",5.47092949458069
"1177","GR","1995-Q1",5.4565623105681
"1178","GR","1995-Q2",5.42258948030046
"1179","GR","1995-Q3",5.44299018731832
"1180","GR","1995-Q4",5.45857757371872
"1181","GR","1996-Q1",5.48684809260182
"1182","GR","1996-Q2",5.48966097694446
"1183","GR","1996-Q3",5.47221128815469
"1184","GR","1996-Q4",5.48558656632354
"1185","GR","1997-Q1",5.56178817241886
"1186","GR","1997-Q2",5.60495489382122
"1187","GR","1997-Q3",5.64902350924784
"1188","GR","1997-Q4",5.62098002164547
"1189","IE","1973-Q2",-0.927993837211181
"1190","IE","1973-Q3",-0.907861640685908
"1191","IE","1973-Q4",-0.866317132946406
"1192","IE","1974-Q1",-0.823331581778686
"1193","IE","1974-Q2",-0.874186362348313
"1194","IE","1974-Q3",-0.85429450447221
"1195","IE","1974-Q4",-0.845659095119026
"1196","IE","1975-Q1",-0.871657611329382
"1197","IE","1975-Q2",-0.84332609397087
"1198","IE","1975-Q3",-0.754971523879508
"1199","IE","1975-Q4",-0.714154294999611
"1200","IE","1976-Q1",-0.692656636229827
"1201","IE","1976-Q2",-0.591229185382075
"1202","IE","1976-Q3",-0.568642491397887
"1203","IE","1976-Q4",-0.501116247682664
"1204","IE","1977-Q1",-0.53853032540929
"1205","IE","1977-Q2",-0.541727657233252
"1206","IE","1977-Q3",-0.551012405146283
"1207","IE","1977-Q4",-0.59534133146988
"1208","IE","1978-Q1",-0.655990778040741
"1209","IE","1978-Q2",-0.606736485777089
"1210","IE","1978-Q3",-0.658089610375659
"1211","IE","1978-Q4",-0.684933011409221
"1212","IE","1979-Q1",-0.70080956922892
"1213","IE","1979-Q2",-0.695132829053197
"1214","IE","1979-Q3",-0.728761964142862
"1215","IE","1979-Q4",-0.740905867842375
"1216","IE","1980-Q1",-0.736292580195166
"1217","IE","1980-Q2",-0.72271195238189
"1218","IE","1980-Q3",-0.75137210362097
"1219","IE","1980-Q4",-0.672281999322068
"1220","IE","1981-Q1",-0.572334363793765
"1221","IE","1981-Q2",-0.473251889092565
"1222","IE","1981-Q3",-0.40579242637209
"1223","IE","1981-Q4",-0.459556297500619
"1224","IE","1982-Q1",-0.405754195151685
"1225","IE","1982-Q2",-0.373740461663069
"1226","IE","1982-Q3",-0.324763979269445
"1227","IE","1982-Q4",-0.299863731447485
"1228","IE","1983-Q1",-0.314420845871236
"1229","IE","1983-Q2",-0.239541396886542
"1230","IE","1983-Q3",-0.174714044758224
"1231","IE","1983-Q4",-0.148715532782421
"1232","IE","1984-Q1",-0.132159383022196
"1233","IE","1984-Q2",-0.123310283536458
"1234","IE","1984-Q3",-0.0546072003660867
"1235","IE","1984-Q4",-0.0169769632476896
"1236","IE","1985-Q1",0.0448841325347428
"1237","IE","1985-Q2",-0.013585195644004
"1238","IE","1985-Q3",-0.0903660886568102
"1239","IE","1985-Q4",-0.178588533204847
"1240","IE","1986-Q1",-0.255688265720393
"1241","IE","1986-Q2",-0.30246637972551
"1242","IE","1986-Q3",-0.308315711609356
"1243","IE","1986-Q4",-0.32233793153428
"1244","IE","1987-Q1",-0.372765611945151
"1245","IE","1987-Q2",-0.393042588109606
"1246","IE","1987-Q3",-0.375042601296919
"1247","IE","1987-Q4",-0.445381263025025
"1248","IE","1988-Q1",-0.46344915680844
"1249","IE","1988-Q2",-0.448889444117022
"1250","IE","1988-Q3",-0.363733127750636
"1251","IE","1988-Q4",-0.410457549631212
"1252","IE","1989-Q1",-0.366807053217361
"1253","IE","1989-Q2",-0.323129646190136
"1254","IE","1989-Q3",-0.327208610142399
"1255","IE","1989-Q4",-0.379188385029946
"1256","IE","1990-Q1",-0.450676932179846
"1257","IE","1990-Q2",-0.468229204468945
"1258","IE","1990-Q3",-0.521094838790644
"1259","IE","1990-Q4",-0.577719509190071
"1260","IE","1991-Q1",-0.553959315979391
"1261","IE","1991-Q2",-0.432384197459427
"1262","IE","1991-Q3",-0.427593137056219
"1263","IE","1991-Q4",-0.495143675252845
"1264","IE","1992-Q1",-0.498979401482312
"1265","IE","1992-Q2",-0.502488254201887
"1266","IE","1992-Q3",-0.595367325642572
"1267","IE","1992-Q4",-0.532134384712241
"1268","IE","1993-Q1",-0.440610536526137
"1269","IE","1993-Q2",-0.426956911258924
"1270","IE","1993-Q3",-0.345424694555209
"1271","IE","1993-Q4",-0.349638916838314
"1272","IE","1994-Q1",-0.356964852624859
"1273","IE","1994-Q2",-0.383381804121579
"1274","IE","1994-Q3",-0.426051526788578
"1275","IE","1994-Q4",-0.44616212085563
"1276","IE","1995-Q1",-0.453157409649373
"1277","IE","1995-Q2",-0.486474527480257
"1278","IE","1995-Q3",-0.476669117001527
"1279","IE","1995-Q4",-0.472123795210041
"1280","IE","1996-Q1",-0.456952742431132
"1281","IE","1996-Q2",-0.451461032055482
"1282","IE","1996-Q3",-0.475186396612102
"1283","IE","1996-Q4",-0.496862195554568
"1284","IE","1997-Q1",-0.466329905639475
"1285","IE","1997-Q2",-0.420969538003536
"1286","IE","1997-Q3",-0.389669877160499
"1287","IE","1997-Q4",-0.389225162770641
"1288","IT","1973-Q2",6.38284763400514
"1289","IT","1973-Q3",6.35329119818574
"1290","IT","1973-Q4",6.37705569203663
"1291","IT","1974-Q1",6.47014913753742
"1292","IT","1974-Q2",6.45929915906627
"1293","IT","1974-Q3",6.482220107818
"1294","IT","1974-Q4",6.49792063835553
"1295","IT","1975-Q1",6.45804565955082
"1296","IT","1975-Q2",6.44355345334159
"1297","IT","1975-Q3",6.4996817719559
"1298","IT","1975-Q4",6.52211730767519
"1299","IT","1976-Q1",6.64034631136817
"1300","IT","1976-Q2",6.75891105055978
"1301","IT","1976-Q3",6.7328779450794
"1302","IT","1976-Q4",6.76008632508645
"1303","IT","1977-Q1",6.78289853352354
"1304","IT","1977-Q2",6.78693889737789
"1305","IT","1977-Q3",6.78294762838842
"1306","IT","1977-Q4",6.77772252089456
"1307","IT","1978-Q1",6.75907737394
"1308","IT","1978-Q2",6.75970373930315
"1309","IT","1978-Q3",6.7309544548585
"1310","IT","1978-Q4",6.72440118930672
"1311","IT","1979-Q1",6.73234180633451
"1312","IT","1979-Q2",6.74170463010121
"1313","IT","1979-Q3",6.70524734126718
"1314","IT","1979-Q4",6.71010077099061
"1315","IT","1980-Q1",6.71516113941502
"1316","IT","1980-Q2",6.74695252307215
"1317","IT","1980-Q3",6.73749667137092
"1318","IT","1980-Q4",6.80911288685093
"1319","IT","1981-Q1",6.9091143550211
"1320","IT","1981-Q2",7.03358878542761
"1321","IT","1981-Q3",7.1028504601111
"1322","IT","1981-Q4",7.08688842485607
"1323","IT","1982-Q1",7.14032889382073
"1324","IT","1982-Q2",7.18487931096064
"1325","IT","1982-Q3",7.23967909194903
"1326","IT","1982-Q4",7.26907342654653
"1327","IT","1983-Q1",7.24382743558153
"1328","IT","1983-Q2",7.29809546890123
"1329","IT","1983-Q3",7.3611551590594
"1330","IT","1983-Q4",7.39315026788671
"1331","IT","1984-Q1",7.41603366128003
"1332","IT","1984-Q2",7.42382114864394
"1333","IT","1984-Q3",7.49526042277869
"1334","IT","1984-Q4",7.54459662333081
"1335","IT","1985-Q1",7.61139224882079
"1336","IT","1985-Q2",7.58614747145167
"1337","IT","1985-Q3",7.54730124078512
"1338","IT","1985-Q4",7.46756533375987
"1339","IT","1986-Q1",7.37666038840835
"1340","IT","1986-Q2",7.33890546095517
"1341","IT","1986-Q3",7.26947282095939
"1342","IT","1986-Q4",7.23718611636977
"1343","IT","1987-Q1",7.17488509323469
"1344","IT","1987-Q2",7.1699118295709
"1345","IT","1987-Q3",7.19284148508636
"1346","IT","1987-Q4",7.12966874071294
"1347","IT","1988-Q1",7.11903675322031
"1348","IT","1988-Q2",7.14526973901809
"1349","IT","1988-Q3",7.23408097502612
"1350","IT","1988-Q4",7.18333187492176
"1351","IT","1989-Q1",7.21323797605942
"1352","IT","1989-Q2",7.25065916905911
"1353","IT","1989-Q3",7.23461479442029
"1354","IT","1989-Q4",7.19702608872221
"1355","IT","1990-Q1",7.1345694187698
"1356","IT","1990-Q2",7.117073026155
"1357","IT","1990-Q3",7.07102992285586
"1358","IT","1990-Q4",7.02785858369411
"1359","IT","1991-Q1",7.04603206108153
"1360","IT","1991-Q2",7.16095200869573
"1361","IT","1991-Q3",7.17187185341121
"1362","IT","1991-Q4",7.1096697460941
"1363","IT","1992-Q1",7.10544973164253
"1364","IT","1992-Q2",7.1047245873002
"1365","IT","1992-Q3",7.03310663951622
"1366","IT","1992-Q4",7.21507820093889
"1367","IT","1993-Q1",7.34228931747641
"1368","IT","1993-Q2",7.31583095437018
"1369","IT","1993-Q3",7.36854460747974
"1370","IT","1993-Q4",7.41528006095901
"1371","IT","1994-Q1",7.42937990308243
"1372","IT","1994-Q2",7.38046360141206
"1373","IT","1994-Q3",7.35977529302561
"1374","IT","1994-Q4",7.37098642246373
"1375","IT","1995-Q1",7.40217670663752
"1376","IT","1995-Q2",7.41946924805257
"1377","IT","1995-Q3",7.38403142397163
"1378","IT","1995-Q4",7.37648797593547
"1379","IT","1996-Q1",7.36086612946308
"1380","IT","1996-Q2",7.34940446441381
"1381","IT","1996-Q3",7.32723428763316
"1382","IT","1996-Q4",7.32787937278396
"1383","IT","1997-Q1",7.40180639406954
"1384","IT","1997-Q2",7.43251510920238
"1385","IT","1997-Q3",7.47478594671986
"1386","IT","1997-Q4",7.45029357791388
"1387","JP","1973-Q2",5.57966693092409
"1388","JP","1973-Q3",5.57974240452221
"1389","JP","1973-Q4",5.6157281297209
"1390","JP","1974-Q1",5.67270451908305
"1391","JP","1974-Q2",5.63450384805586
"1392","JP","1974-Q3",5.69569429780533
"1393","JP","1974-Q4",5.70380469662818
"1394","JP","1975-Q1",5.68112778408799
"1395","JP","1975-Q2",5.67807712719845
"1396","JP","1975-Q3",5.69691449956762
"1397","JP","1975-Q4",5.71550241594034
"1398","JP","1976-Q1",5.71170655162035
"1399","JP","1976-Q2",5.70110110521496
"1400","JP","1976-Q3",5.67352943148289
"1401","JP","1976-Q4",5.6821047571399
"1402","JP","1977-Q1",5.65449885542218
"1403","JP","1977-Q2",5.61764344433307
"1404","JP","1977-Q3",5.58412267898445
"1405","JP","1977-Q4",5.50963122210462
"1406","JP","1978-Q1",5.47075692348333
"1407","JP","1978-Q2",5.39728750717932
"1408","JP","1978-Q3",5.26184354389919
"1409","JP","1978-Q4",5.24956470167375
"1410","JP","1979-Q1",5.30559085050957
"1411","JP","1979-Q2",5.38273510518134
"1412","JP","1979-Q3",5.38843225598877
"1413","JP","1979-Q4",5.47488629756055
"1414","JP","1980-Q1",5.49529488698802
"1415","JP","1980-Q2",5.44970709559456
"1416","JP","1980-Q3",5.39400626250762
"1417","JP","1980-Q4",5.35018216426311
"1418","JP","1981-Q1",5.32578660853434
"1419","JP","1981-Q2",5.39362754635085
"1420","JP","1981-Q3",5.44626312129203
"1421","JP","1981-Q4",5.41469200346748
"1422","JP","1982-Q1",5.4531535256621
"1423","JP","1982-Q2",5.49826052468908
"1424","JP","1982-Q3",5.55630025190221
"1425","JP","1982-Q4",5.5594629399914
"1426","JP","1983-Q1",5.46271536282402
"1427","JP","1983-Q2",5.47030796450082
"1428","JP","1983-Q3",5.49113915797448
"1429","JP","1983-Q4",5.45636046108779
"1430","JP","1984-Q1",5.44244657012988
"1431","JP","1984-Q2",5.43636770002707
"1432","JP","1984-Q3",5.49493896638056
"1433","JP","1984-Q4",5.50541283343929
"1434","JP","1985-Q1",5.55173144087791
"1435","JP","1985-Q2",5.5243899573668
"1436","JP","1985-Q3",5.47494217206642
"1437","JP","1985-Q4",5.33315348137867
"1438","JP","1986-Q1",5.23580346115347
"1439","JP","1986-Q2",5.13658244336247
"1440","JP","1986-Q3",5.04839767944901
"1441","JP","1986-Q4",5.0770054700628
"1442","JP","1987-Q1",5.03152665312763
"1443","JP","1987-Q2",4.96051090691369
"1444","JP","1987-Q3",4.98991090877831
"1445","JP","1987-Q4",4.91113412211789
"1446","JP","1988-Q1",4.85203026391962
"1447","JP","1988-Q2",4.83320840551236
"1448","JP","1988-Q3",4.89569820488979
"1449","JP","1988-Q4",4.83055123224249
"1450","JP","1989-Q1",4.85556567365385
"1451","JP","1989-Q2",4.92778494497989
"1452","JP","1989-Q3",4.95789768233053
"1453","JP","1989-Q4",4.96310100764883
"1454","JP","1990-Q1",4.99653636971675
"1455","JP","1990-Q2",5.0450581913292
"1456","JP","1990-Q3",4.97831869261971
"1457","JP","1990-Q4",4.87356749702801
"1458","JP","1991-Q1",4.89674467315522
"1459","JP","1991-Q2",4.92949754263662
"1460","JP","1991-Q3",4.92114812759472
"1461","JP","1991-Q4",4.86370662083406
"1462","JP","1992-Q1",4.85538400882496
"1463","JP","1992-Q2",4.86986506579386
"1464","JP","1992-Q3",4.82746003967282
"1465","JP","1992-Q4",4.81201089859524
"1466","JP","1993-Q1",4.79590073236342
"1467","JP","1993-Q2",4.70104959768859
"1468","JP","1993-Q3",4.65942156924688
"1469","JP","1993-Q4",4.68342834846144
"1470","JP","1994-Q1",4.67860387133774
"1471","JP","1994-Q2",4.6378973616875
"1472","JP","1994-Q3",4.59563295079916
"1473","JP","1994-Q4",4.59344002250544
"1474","JP","1995-Q1",4.56704212900191
"1475","JP","1995-Q2",4.43593869917113
"1476","JP","1995-Q3",4.5442048290447
"1477","JP","1995-Q4",4.61968851647122
"1478","JP","1996-Q1",4.66148161345856
"1479","JP","1996-Q2",4.67831943442735
"1480","JP","1996-Q3",4.69079895483766
"1481","JP","1996-Q4",4.72556512616868
"1482","JP","1997-Q1",4.79762855239658
"1483","JP","1997-Q2",4.78388602777552
"1484","JP","1997-Q3",4.7701299508887
"1485","JP","1997-Q4",4.83021741748614
"1486","NL","1973-Q2",1.05054186507328
"1487","NL","1973-Q3",0.960116211031337
"1488","NL","1973-Q4",0.979328126635084
"1489","NL","1974-Q1",1.04332271533973
"1490","NL","1974-Q2",0.970993540210909
"1491","NL","1974-Q3",0.982889628604416
"1492","NL","1974-Q4",0.956344430947032
"1493","NL","1975-Q1",0.880511556220478
"1494","NL","1975-Q2",0.880359535241257
"1495","NL","1975-Q3",0.965296745381363
"1496","NL","1975-Q4",0.980766750683496
"1497","NL","1976-Q1",0.983974301781977
"1498","NL","1976-Q2",0.998128749721219
"1499","NL","1976-Q3",0.982115924519809
"1500","NL","1976-Q4",0.923226622478033
"1501","NL","1977-Q1",0.917356829656579
"1502","NL","1977-Q2",0.903745703966811
"1503","NL","1977-Q3",0.896332892125147
"1504","NL","1977-Q4",0.873341476059357
"1505","NL","1978-Q1",0.799217443837331
"1506","NL","1978-Q2",0.798887623886113
"1507","NL","1978-Q3",0.776338770986623
"1508","NL","1978-Q4",0.70998790909483
"1509","NL","1979-Q1",0.694629414341836
"1510","NL","1979-Q2",0.72472659322881
"1511","NL","1979-Q3",0.691812957046141
"1512","NL","1979-Q4",0.672689338317327
"1513","NL","1980-Q1",0.669520249758138
"1514","NL","1980-Q2",0.688335623060312
"1515","NL","1980-Q3",0.660365690518904
"1516","NL","1980-Q4",0.729125462903626
"1517","NL","1981-Q1",0.825826126183909
"1518","NL","1981-Q2",0.9268217519165
"1519","NL","1981-Q3",0.994386930573842
"1520","NL","1981-Q4",0.903205491920231
"1521","NL","1982-Q1",0.946186046809338
"1522","NL","1982-Q2",0.969919962124576
"1523","NL","1982-Q3",1.00416728967579
"1524","NL","1982-Q4",1.00708162379051
"1525","NL","1983-Q1",0.979503374047556
"1526","NL","1983-Q2",1.02704467645063
"1527","NL","1983-Q3",1.08416396778234
"1528","NL","1983-Q4",1.09981156891066
"1529","NL","1984-Q1",1.11366509096605
"1530","NL","1984-Q2",1.11539292493384
"1531","NL","1984-Q3",1.19183949250266
"1532","NL","1984-Q4",1.23702065837214
"1533","NL","1985-Q1",1.30382718902846
"1534","NL","1985-Q2",1.24859237890251
"1535","NL","1985-Q3",1.16481608912474
"1536","NL","1985-Q4",1.06865696337725
"1537","NL","1986-Q1",0.974232542356587
"1538","NL","1986-Q2",0.928719836213174
"1539","NL","1986-Q3",0.855195165847569
"1540","NL","1986-Q4",0.81883959518969
"1541","NL","1987-Q1",0.730667731307124
"1542","NL","1987-Q2",0.710921608659109
"1543","NL","1987-Q3",0.728160336396951
"1544","NL","1987-Q4",0.651908432543347
"1545","NL","1988-Q1",0.632529850383593
"1546","NL","1988-Q2",0.650291870253517
"1547","NL","1988-Q3",0.744806241380131
"1548","NL","1988-Q4",0.694063427344298
"1549","NL","1989-Q1",0.735983145679259
"1550","NL","1989-Q2",0.779233129473075
"1551","NL","1989-Q3",0.774573545922141
"1552","NL","1989-Q4",0.71586222930316
"1553","NL","1990-Q1",0.644936848255522
"1554","NL","1990-Q2",0.636065234384506
"1555","NL","1990-Q3",0.585209272203229
"1556","NL","1990-Q4",0.526797393275689
"1557","NL","1991-Q1",0.545999698773645
"1558","NL","1991-Q2",0.669912671087031
"1559","NL","1991-Q3",0.67550920870576
"1560","NL","1991-Q4",0.606081256628112
"1561","NL","1992-Q1",0.600190894838581
"1562","NL","1992-Q2",0.59779199974309
"1563","NL","1992-Q3",0.500148829101876
"1564","NL","1992-Q4",0.556371674341773
"1565","NL","1993-Q1",0.609185693379073
"1566","NL","1993-Q2",0.596789719214367
"1567","NL","1993-Q3",0.634111004828113
"1568","NL","1993-Q4",0.635869347825138
"1569","NL","1994-Q1",0.659099928615324
"1570","NL","1994-Q2",0.623195099178239
"1571","NL","1994-Q3",0.560956793147783
"1572","NL","1994-Q4",0.54794991018234
"1573","NL","1995-Q1",0.506658754411418
"1574","NL","1995-Q2",0.447097014561187
"1575","NL","1995-Q3",0.472618956294555
"1576","NL","1995-Q4",0.466879169868858
"1577","NL","1996-Q1",0.497091338779817
"1578","NL","1996-Q2",0.532268865302655
"1579","NL","1996-Q3",0.518677715249787
"1580","NL","1996-Q4",0.540612361193386
"1581","NL","1997-Q1",0.622646029333615
"1582","NL","1997-Q2",0.656326717832839
"1583","NL","1997-Q3",0.710640607756945
"1584","NL","1997-Q4",0.682204190516959
"1585","NO","1973-Q2",1.7516895065022
"1586","NO","1973-Q3",1.69598251365087
"1587","NO","1973-Q4",1.72086001929161
"1588","NO","1974-Q1",1.75929366780631
"1589","NO","1974-Q2",1.691386494897
"1590","NO","1974-Q3",1.70304968087525
"1591","NO","1974-Q4",1.69246079018614
"1592","NO","1975-Q1",1.61161553948231
"1593","NO","1975-Q2",1.59883523531403
"1594","NO","1975-Q3",1.68951138868043
"1595","NO","1975-Q4",1.71068799163087
"1596","NO","1976-Q1",1.71235544626034
"1597","NO","1976-Q2",1.70671585171711
"1598","NO","1976-Q3",1.70615921716346
"1599","NO","1976-Q4",1.66116977711231
"1600","NO","1977-Q1",1.66201771206212
"1601","NO","1977-Q2",1.66405235218461
"1602","NO","1977-Q3",1.67673512469429
"1603","NO","1977-Q4",1.68553438222005
"1604","NO","1978-Q1",1.65747858926837
"1605","NO","1978-Q2",1.68741695356569
"1606","NO","1978-Q3",1.66539597632369
"1607","NO","1978-Q4",1.61535371266458
"1608","NO","1979-Q1",1.62643923391738
"1609","NO","1979-Q2",1.64142095809345
"1610","NO","1979-Q3",1.61315765208325
"1611","NO","1979-Q4",1.60731566185258
"1612","NO","1980-Q1",1.59873416429806
"1613","NO","1980-Q2",1.59787127586031
"1614","NO","1980-Q3",1.57716950899728
"1615","NO","1980-Q4",1.61470402190765
"1616","NO","1981-Q1",1.6771152521351
"1617","NO","1981-Q2",1.7375906994161
"1618","NO","1981-Q3",1.80585411565629
"1619","NO","1981-Q4",1.76458238382975
"1620","NO","1982-Q1",1.78361528392103
"1621","NO","1982-Q2",1.80452760834118
"1622","NO","1982-Q3",1.89335289816607
"1623","NO","1982-Q4",1.96656675320608
"1624","NO","1983-Q1",1.96149286716547
"1625","NO","1983-Q2",1.96986846177669
"1626","NO","1983-Q3",2.00190783646793
"1627","NO","1983-Q4",2.01525406989501
"1628","NO","1984-Q1",2.03978640071312
"1629","NO","1984-Q2",2.04654810229161
"1630","NO","1984-Q3",2.12419181033822
"1631","NO","1984-Q4",2.18037226018294
"1632","NO","1985-Q1",2.23716796377118
"1633","NO","1985-Q2",2.18533941286132
"1634","NO","1985-Q3",2.1213429533797
"1635","NO","1985-Q4",2.05234865490145
"1636","NO","1986-Q1",1.99056934352681
"1637","NO","1986-Q2",2.00188082077173
"1638","NO","1986-Q3",1.99969462358958
"1639","NO","1986-Q4",2.01082806250023
"1640","NO","1987-Q1",1.95096402335799
"1641","NO","1987-Q2",1.90377777254995
"1642","NO","1987-Q3",1.9066048608971
"1643","NO","1987-Q4",1.86762938031882
"1644","NO","1988-Q1",1.85081423200937
"1645","NO","1988-Q2",1.83354100324301
"1646","NO","1988-Q3",1.92218813670867
"1647","NO","1988-Q4",1.88873997044028
"1648","NO","1989-Q1",1.90557414753244
"1649","NO","1989-Q2",1.9471189419802
"1650","NO","1989-Q3",1.95139507928588
"1651","NO","1989-Q4",1.92392256505021
"1652","NO","1990-Q1",1.87695299121634
"1653","NO","1990-Q2",1.87015466665543
"1654","NO","1990-Q3",1.81710227689985
"1655","NO","1990-Q4",1.76850790116742
"1656","NO","1991-Q1",1.78716560021783
"1657","NO","1991-Q2",1.91016502712663
"1658","NO","1991-Q3",1.91888636902333
"1659","NO","1991-Q4",1.85500027369547
"1660","NO","1992-Q1",1.8492314141589
"1661","NO","1992-Q2",1.84257931822469
"1662","NO","1992-Q3",1.75681139312517
"1663","NO","1992-Q4",1.85572543065126
"1664","NO","1993-Q1",1.93928827274642
"1665","NO","1993-Q2",1.92377652137316
"1666","NO","1993-Q3",1.98117616624979
"1667","NO","1993-Q4",1.99124992302439
"1668","NO","1994-Q1",2.00719830418622
"1669","NO","1994-Q2",1.975350127779
"1670","NO","1994-Q3",1.92342008526299
"1671","NO","1994-Q4",1.90723317376409
"1672","NO","1995-Q1",1.87511718899287
"1673","NO","1995-Q2",1.83046936817729
"1674","NO","1995-Q3",1.84107436342747
"1675","NO","1995-Q4",1.83719852204522
"1676","NO","1996-Q1",1.85874863092493
"1677","NO","1996-Q2",1.8772483452084
"1678","NO","1996-Q3",1.85847842399155
"1679","NO","1996-Q4",1.86160627230792
"1680","NO","1997-Q1",1.89154748732141
"1681","NO","1997-Q2",1.95683831378999
"1682","NO","1997-Q3",2.0096193085104
"1683","NO","1997-Q4",1.96383285915343
"1684","NZ","1973-Q2",-0.283071459140632
"1685","NZ","1973-Q3",-0.320328237936378
"1686","NZ","1973-Q4",-0.375904580869205
"1687","NZ","1974-Q1",-0.343745908031972
"1688","NZ","1974-Q2",-0.377032702355323
"1689","NZ","1974-Q3",-0.355434553319895
"1690","NZ","1974-Q4",-0.266914139668228
"1691","NZ","1975-Q1",-0.289886875829495
"1692","NZ","1975-Q2",-0.27944327629014
"1693","NZ","1975-Q3",-0.137585014386836
"1694","NZ","1975-Q4",-0.0479139821604196
"1695","NZ","1976-Q1",-0.0398631114645262
"1696","NZ","1976-Q2",0.00357900583378017
"1697","NZ","1976-Q3",0.00348430718949405
"1698","NZ","1976-Q4",0.0502732417910618
"1699","NZ","1977-Q1",0.04629666309531
"1700","NZ","1977-Q2",0.0377035067689901
"1701","NZ","1977-Q3",0.0294988168765844
"1702","NZ","1977-Q4",0.00548492956754919
"1703","NZ","1978-Q1",-0.0231321650804482
"1704","NZ","1978-Q2",-0.0164681937239113
"1705","NZ","1978-Q3",-0.0474270946209647
"1706","NZ","1978-Q4",-0.0584557266334717
"1707","NZ","1979-Q1",-0.0546110738905692
"1708","NZ","1979-Q2",-0.0424830966507046
"1709","NZ","1979-Q3",-0.012940029896205
"1710","NZ","1979-Q4",0.0213765504473524
"1711","NZ","1980-Q1",0.0258886443761911
"1712","NZ","1980-Q2",0.0290182020983079
"1713","NZ","1980-Q3",0.017528801629212
"1714","NZ","1980-Q4",0.0328220793995163
"1715","NZ","1981-Q1",0.0626241893481433
"1716","NZ","1981-Q2",0.12627428981339
"1717","NZ","1981-Q3",0.186592976002577
"1718","NZ","1981-Q4",0.187991562167355
"1719","NZ","1982-Q1",0.22937741289373
"1720","NZ","1982-Q2",0.271595879883939
"1721","NZ","1982-Q3",0.311110470894239
"1722","NZ","1982-Q4",0.333338760265069
"1723","NZ","1983-Q1",0.350480799071056
"1724","NZ","1983-Q2",0.417712029041275
"1725","NZ","1983-Q3",0.424991008012097
"1726","NZ","1983-Q4",0.418238731784971
"1727","NZ","1984-Q1",0.418188268122603
"1728","NZ","1984-Q2",0.429565675121832
"1729","NZ","1984-Q3",0.667764412858981
"1730","NZ","1984-Q4",0.71798612341913
"1731","NZ","1985-Q1",0.77830447869604
"1732","NZ","1985-Q2",0.787270292441487
"1733","NZ","1985-Q3",0.653395792943876
"1734","NZ","1985-Q4",0.585710436586565
"1735","NZ","1986-Q1",0.64419150234382
"1736","NZ","1986-Q2",0.588830564108957
"1737","NZ","1986-Q3",0.684758762618824
"1738","NZ","1986-Q4",0.674485801791856
"1739","NZ","1987-Q1",0.602410692131725
"1740","NZ","1987-Q2",0.544219780071743
"1741","NZ","1987-Q3",0.502892237511865
"1742","NZ","1987-Q4",0.454234108032471
"1743","NZ","1988-Q1",0.41234803300757
"1744","NZ","1988-Q2",0.38103579418499
"1745","NZ","1988-Q3",0.439926651107581
"1746","NZ","1988-Q4",0.456696733927582
"1747","NZ","1989-Q1",0.479217302694839
"1748","NZ","1989-Q2",0.514277658631659
"1749","NZ","1989-Q3",0.534319469341724
"1750","NZ","1989-Q4",0.527722071425721
"1751","NZ","1990-Q1",0.521985124268895
"1752","NZ","1990-Q2",0.547358111492277
"1753","NZ","1990-Q3",0.496751039861049
"1754","NZ","1990-Q4",0.499192217335409
"1755","NZ","1991-Q1",0.515198050759744
"1756","NZ","1991-Q2",0.536914334528362
"1757","NZ","1991-Q3",0.555456674611547
"1758","NZ","1991-Q4",0.591463231374543
"1759","NZ","1992-Q1",0.614534977005113
"1760","NZ","1992-Q2",0.616032127564599
"1761","NZ","1992-Q3",0.612304013715541
"1762","NZ","1992-Q4",0.642972558470765
"1763","NZ","1993-Q1",0.654879213400028
"1764","NZ","1993-Q2",0.614825213784476
"1765","NZ","1993-Q3",0.596537156323763
"1766","NZ","1993-Q4",0.594425688841763
"1767","NZ","1994-Q1",0.562666368275374
"1768","NZ","1994-Q2",0.542335918664735
"1769","NZ","1994-Q3",0.508186143400483
"1770","NZ","1994-Q4",0.475268909961448
"1771","NZ","1995-Q1",0.445339453751026
"1772","NZ","1995-Q2",0.402819389055847
"1773","NZ","1995-Q3",0.411948489938245
"1774","NZ","1995-Q4",0.42441334001144
"1775","NZ","1996-Q1",0.397488938426988
"1776","NZ","1996-Q2",0.383576172650495
"1777","NZ","1996-Q3",0.369059273907647
"1778","NZ","1996-Q4",0.348831262540572
"1779","NZ","1997-Q1",0.360865152739138
"1780","NZ","1997-Q2",0.370351327727197
"1781","NZ","1997-Q3",0.435862824813465
"1782","NZ","1997-Q4",0.482779996098131
"1783","PT","1973-Q2",3.20541226317373
"1784","PT","1973-Q3",3.13514632930767
"1785","PT","1973-Q4",3.19209369742804
"1786","PT","1974-Q1",3.26258644325605
"1787","PT","1974-Q2",3.21185120989095
"1788","PT","1974-Q3",3.23964530483389
"1789","PT","1974-Q4",3.22549387713004
"1790","PT","1975-Q1",3.19294244280065
"1791","PT","1975-Q2",3.1987955589932
"1792","PT","1975-Q3",3.27211322821269
"1793","PT","1975-Q4",3.29513291454789
"1794","PT","1976-Q1",3.32747907713199
"1795","PT","1976-Q2",3.41191749315487
"1796","PT","1976-Q3",3.4427870814
"1797","PT","1976-Q4",3.44843077911154
"1798","PT","1977-Q1",3.54271623384432
"1799","PT","1977-Q2",3.6569784861166
"1800","PT","1977-Q3",3.6709420362072
"1801","PT","1977-Q4",3.70165088440494
"1802","PT","1978-Q1",3.6981529883269
"1803","PT","1978-Q2",3.78641442993535
"1804","PT","1978-Q3",3.81616534242691
"1805","PT","1978-Q4",3.825353388192
"1806","PT","1979-Q1",3.85841826976639
"1807","PT","1979-Q2",3.89760624823954
"1808","PT","1979-Q3",3.89234804996117
"1809","PT","1979-Q4",3.91188966318513
"1810","PT","1980-Q1",3.89888102666094
"1811","PT","1980-Q2",3.90216120396927
"1812","PT","1980-Q3",3.90069238906553
"1813","PT","1980-Q4",3.95038437507333
"1814","PT","1981-Q1",4.01732551938591
"1815","PT","1981-Q2",4.10414636717786
"1816","PT","1981-Q3",4.18142144631517
"1817","PT","1981-Q4",4.16795637956018
"1818","PT","1982-Q1",4.22367547850386
"1819","PT","1982-Q2",4.30173806344053
"1820","PT","1982-Q3",4.44953340245164
"1821","PT","1982-Q4",4.5019666017359
"1822","PT","1983-Q1",4.52363831449753
"1823","PT","1983-Q2",4.61666717492764
"1824","PT","1983-Q3",4.80363572459715
"1825","PT","1983-Q4",4.8507768745834
"1826","PT","1984-Q1",4.89214450803613
"1827","PT","1984-Q2",4.92851858531427
"1828","PT","1984-Q3",5.0214895067542
"1829","PT","1984-Q4",5.0907436406391
"1830","PT","1985-Q1",5.17842210170538
"1831","PT","1985-Q2",5.15807397495955
"1832","PT","1985-Q3",5.127184976893
"1833","PT","1985-Q4",5.08638984639841
"1834","PT","1986-Q1",5.02970126668671
"1835","PT","1986-Q2",5.01080639056953
"1836","PT","1986-Q3",4.99116021315091
"1837","PT","1986-Q4",4.99941929595739
"1838","PT","1987-Q1",4.9533992301828
"1839","PT","1987-Q2",4.94387801704292
"1840","PT","1987-Q3",4.97221781382061
"1841","PT","1987-Q4",4.9215417509023
"1842","PT","1988-Q1",4.92017312146928
"1843","PT","1988-Q2",4.93829157669529
"1844","PT","1988-Q3",5.02670547427375
"1845","PT","1988-Q4",4.9892595634549
"1846","PT","1989-Q1",5.02393534390487
"1847","PT","1989-Q2",5.07632731636219
"1848","PT","1989-Q3",5.08304277361252
"1849","PT","1989-Q4",5.05226336365072
"1850","PT","1990-Q1",5.00463287110051
"1851","PT","1990-Q2",4.99767387891977
"1852","PT","1990-Q3",4.94595691132665
"1853","PT","1990-Q4",4.88615236418934
"1854","PT","1991-Q1",4.90316885884182
"1855","PT","1991-Q2",5.01846236031639
"1856","PT","1991-Q3",5.01052639927854
"1857","PT","1991-Q4",4.95617676170587
"1858","PT","1992-Q1",4.93949726626292
"1859","PT","1992-Q2",4.90915366557257
"1860","PT","1992-Q3",4.83794454516624
"1861","PT","1992-Q4",4.93128179330952
"1862","PT","1993-Q1",5.00479605666186
"1863","PT","1993-Q2",5.02648239618893
"1864","PT","1993-Q3",5.1300286670312
"1865","PT","1993-Q4",5.15130183203237
"1866","PT","1994-Q1",5.16621850925939
"1867","PT","1994-Q2",5.14176881412078
"1868","PT","1994-Q3",5.0736931779646
"1869","PT","1994-Q4",5.06220862926873
"1870","PT","1995-Q1",5.04667807836301
"1871","PT","1995-Q2",5.01186123121706
"1872","PT","1995-Q3",5.00634751469459
"1873","PT","1995-Q4",5.00645905239251
"1874","PT","1996-Q1",5.02603169225916
"1875","PT","1996-Q2",5.05261001064378
"1876","PT","1996-Q3",5.03435807069404
"1877","PT","1996-Q4",5.04094552915179
"1878","PT","1997-Q1",5.1142973481845
"1879","PT","1997-Q2",5.15075956695706
"1880","PT","1997-Q3",5.21023956658605
"1881","PT","1997-Q4",5.18831001549892
"1882","SE","1973-Q2",1.47887354218509
"1883","SE","1973-Q3",1.41827740673081
"1884","SE","1973-Q4",1.47032908983311
"1885","SE","1974-Q1",1.54372536885513
"1886","SE","1974-Q2",1.46979262969061
"1887","SE","1974-Q3",1.48734560496365
"1888","SE","1974-Q4",1.45908777891718
"1889","SE","1975-Q1",1.38174234950069
"1890","SE","1975-Q2",1.37140066502614
"1891","SE","1975-Q3",1.45656641387219
"1892","SE","1975-Q4",1.48043719294467
"1893","SE","1976-Q1",1.47810600370382
"1894","SE","1976-Q2",1.48619248481692
"1895","SE","1976-Q3",1.4836781468651
"1896","SE","1976-Q4",1.43735971262627
"1897","SE","1977-Q1",1.44082200245953
"1898","SE","1977-Q2",1.47480114697673
"1899","SE","1977-Q3",1.5155886647286
"1900","SE","1977-Q4",1.56446843990792
"1901","SE","1978-Q1",1.53419699082776
"1902","SE","1978-Q2",1.53075539018326
"1903","SE","1978-Q3",1.49719450444323
"1904","SE","1978-Q4",1.46914082666526
"1905","SE","1979-Q1",1.4719749917189
"1906","SE","1979-Q2",1.47582270654496
"1907","SE","1979-Q3",1.43758932193522
"1908","SE","1979-Q4",1.43635356075484
"1909","SE","1980-Q1",1.43940849653231
"1910","SE","1980-Q2",1.44646397724085
"1911","SE","1980-Q3",1.4235419749057
"1912","SE","1980-Q4",1.45866928456065
"1913","SE","1981-Q1",1.51599132816973
"1914","SE","1981-Q2",1.58451660682381
"1915","SE","1981-Q3",1.66804638535225
"1916","SE","1981-Q4",1.7085771156175
"1917","SE","1982-Q1",1.7468027810497
"1918","SE","1982-Q2",1.77498624847274
"1919","SE","1982-Q3",1.81756798996398
"1920","SE","1982-Q4",1.99294821216226
"1921","SE","1983-Q1",2.00274496543478
"1922","SE","1983-Q2",2.01980653406755
"1923","SE","1983-Q3",2.05488839840171
"1924","SE","1983-Q4",2.06891550334599
"1925","SE","1984-Q1",2.07619460930378
"1926","SE","1984-Q2",2.07972066926177
"1927","SE","1984-Q3",2.12910434086557
"1928","SE","1984-Q4",2.16373290329673
"1929","SE","1985-Q1",2.22622946848428
"1930","SE","1985-Q2",2.19075927777451
"1931","SE","1985-Q3",2.12759658352718
"1932","SE","1985-Q4",2.05593832564353
"1933","SE","1986-Q1",2.00255599769372
"1934","SE","1986-Q2",1.97411343290431
"1935","SE","1986-Q3",1.94128518466239
"1936","SE","1986-Q4",1.93418934708078
"1937","SE","1987-Q1",1.87279143101809
"1938","SE","1987-Q2",1.84069777057278
"1939","SE","1987-Q3",1.86118706102525
"1940","SE","1987-Q4",1.81205761643549
"1941","SE","1988-Q1",1.78975189985296
"1942","SE","1988-Q2",1.784751638306
"1943","SE","1988-Q3",1.85886760274875
"1944","SE","1988-Q4",1.81581231081293
"1945","SE","1989-Q1",1.84303912463371
"1946","SE","1989-Q2",1.87872686376899
"1947","SE","1989-Q3",1.87757012564117
"1948","SE","1989-Q4",1.85458297890716
"1949","SE","1990-Q1",1.81651712035378
"1950","SE","1990-Q2",1.80614877810856
"1951","SE","1990-Q3",1.76312562796707
"1952","SE","1990-Q4",1.72404554144859
"1953","SE","1991-Q1",1.73659905805078
"1954","SE","1991-Q2",1.82942983591593
"1955","SE","1991-Q3",1.84498423046535
"1956","SE","1991-Q4",1.78398488084082
"1957","SE","1992-Q1",1.77267291882095
"1958","SE","1992-Q2",1.76230777236164
"1959","SE","1992-Q3",1.67762601573754
"1960","SE","1992-Q4",1.82938703365169
"1961","SE","1993-Q1",2.01467632818283
"1962","SE","1993-Q2",2.00198437749502
"1963","SE","1993-Q3",2.08147821624943
"1964","SE","1993-Q4",2.10600597854934
"1965","SE","1994-Q1",2.07953487065788
"1966","SE","1994-Q2",2.05439634610605
"1967","SE","1994-Q3",2.03902007457665
"1968","SE","1994-Q4",1.99849311146344
"1969","SE","1995-Q1",1.99790017685823
"1970","SE","1995-Q2",1.98734818235613
"1971","SE","1995-Q3",1.97092605432871
"1972","SE","1995-Q4",1.90002127207899
"1973","SE","1996-Q1",1.91345041460431
"1974","SE","1996-Q2",1.90722079946531
"1975","SE","1996-Q3",1.8921556831048
"1976","SE","1996-Q4",1.89902716506105
"1977","SE","1997-Q1",1.99793227302015
"1978","SE","1997-Q2",2.04062361406424
"1979","SE","1997-Q3",2.0584021749366
"1980","SE","1997-Q4",2.03299612643687
"1981","US","1973-Q2",0
"1982","US","1973-Q3",0
"1983","US","1973-Q4",0
"1984","US","1974-Q1",0
"1985","US","1974-Q2",0
"1986","US","1974-Q3",0
"1987","US","1974-Q4",0
"1988","US","1975-Q1",0
"1989","US","1975-Q2",0
"1990","US","1975-Q3",0
"1991","US","1975-Q4",0
"1992","US","1976-Q1",0
"1993","US","1976-Q2",0
"1994","US","1976-Q3",0
"1995","US","1976-Q4",0
"1996","US","1977-Q1",0
"1997","US","1977-Q2",0
"1998","US","1977-Q3",0
"1999","US","1977-Q4",0
"2000","US","1978-Q1",0
"2001","US","1978-Q2",0
"2002","US","1978-Q3",0
"2003","US","1978-Q4",0
"2004","US","1979-Q1",0
"2005","US","1979-Q2",0
"2006","US","1979-Q3",0
"2007","US","1979-Q4",0
"2008","US","1980-Q1",0
"2009","US","1980-Q2",0
"2010","US","1980-Q3",0
"2011","US","1980-Q4",0
"2012","US","1981-Q1",0
"2013","US","1981-Q2",0
"2014","US","1981-Q3",0
"2015","US","1981-Q4",0
"2016","US","1982-Q1",0
"2017","US","1982-Q2",0
"2018","US","1982-Q3",0
"2019","US","1982-Q4",0
"2020","US","1983-Q1",0
"2021","US","1983-Q2",0
"2022","US","1983-Q3",0
"2023","US","1983-Q4",0
"2024","US","1984-Q1",0
"2025","US","1984-Q2",0
"2026","US","1984-Q3",0
"2027","US","1984-Q4",0
"2028","US","1985-Q1",0
"2029","US","1985-Q2",0
"2030","US","1985-Q3",0
"2031","US","1985-Q4",0
"2032","US","1986-Q1",0
"2033","US","1986-Q2",0
"2034","US","1986-Q3",0
"2035","US","1986-Q4",0
"2036","US","1987-Q1",0
"2037","US","1987-Q2",0
"2038","US","1987-Q3",0
"2039","US","1987-Q4",0
"2040","US","1988-Q1",0
"2041","US","1988-Q2",0
"2042","US","1988-Q3",0
"2043","US","1988-Q4",0
"2044","US","1989-Q1",0
"2045","US","1989-Q2",0
"2046","US","1989-Q3",0
"2047","US","1989-Q4",0
"2048","US","1990-Q1",0
"2049","US","1990-Q2",0
"2050","US","1990-Q3",0
"2051","US","1990-Q4",0
"2052","US","1991-Q1",0
"2053","US","1991-Q2",0
"2054","US","1991-Q3",0
"2055","US","1991-Q4",0
"2056","US","1992-Q1",0
"2057","US","1992-Q2",0
"2058","US","1992-Q3",0
"2059","US","1992-Q4",0
"2060","US","1993-Q1",0
"2061","US","1993-Q2",0
"2062","US","1993-Q3",0
"2063","US","1993-Q4",0
"2064","US","1994-Q1",0
"2065","US","1994-Q2",0
"2066","US","1994-Q3",0
"2067","US","1994-Q4",0
"2068","US","1995-Q1",0
"2069","US","1995-Q2",0
"2070","US","1995-Q3",0
"2071","US","1995-Q4",0
"2072","US","1996-Q1",0
"2073","US","1996-Q2",0
"2074","US","1996-Q3",0
"2075","US","1996-Q4",0
"2076","US","1997-Q1",0
"2077","US","1997-Q2",0
"2078","US","1997-Q3",0
"2079","US","1997-Q4",0
